image_name,class_name,group,split,source_json,source_image,crop_path
CropImage_20260126092651160_F3-I0_OK-4,OK,CropImage_20260126092651160_F3-I0_OK,train,/Users/tongjiarui/Documents/目标检测/已打标的数据202604/user1_2026-03-16_154843_anylabeling/CropImage_20260126092651160_F3-I0_OK-4.json,/Users/tongjiarui/Documents/目标检测/已打标的数据202604/user1_2026-03-16_154843_anylabeling/CropImage_20260126092651160_F3-I0_OK-4.bmp,images/train/OK/CropImage_20260126092651160_F3-I0_OK-4.png
CropImage_20260126092651160_F3-I0_OK-5,NG,CropImage_20260126092651160_F3-I0_OK,train,/Users/tongjiarui/Documents/目标检测/已打标的数据202604/user1_2026-03-16_154843_anylabeling/CropImage_20260126092651160_F3-I0_OK-5.json,/Users/tongjiarui/Documents/目标检测/已打标的数据202604/user1_2026-03-16_154843_anylabeling/CropImage_20260126092651160_F3-I0_OK-5.bmp,images/train/NG/CropImage_20260126092651160_F3-I0_OK-5.png
CropImage_20260126092651160_F3-I0_OK-6,NG,CropImage_20260126092651160_F3-I0_OK,train,/Users/tongjiarui/Documents/目标检测/已打标的数据202604/user1_2026-03-16_154843_anylabeling/CropImage_20260126092651160_F3-I0_OK-6.json,/Users/tongjiarui/Documents/目标检测/已打标的数据202604/user1_2026-03-16_154843_anylabeling/CropImage_20260126092651160_F3-I0_OK-6.bmp,images/train/NG/CropImage_20260126092651160_F3-I0_OK-6.png
CropImage_20260126092651160_F3-I0_OK-7,NG,CropImage_20260126092651160_F3-I0_OK,train,/Users/tongjiarui/Documents/目标检测/已打标的数据202604/user1_2026-03-16_154843_anylabeling/CropImage_20260126092651160_F3-I0_OK-7.json,/Users/tongjiarui/Documents/目标检测/已打标的数据202604/user1_2026-03-16_154843_anylabeling/CropImage_20260126092651160_F3-I0_OK-7.bmp,images/train/NG/CropImage_20260126092651160_F3-I0_OK-7.png
CropImage_20260126093618560_F3-I0_OK-2,OK,CropImage_20260126093618560_F3-I0_OK,train,/Users/tongjiarui/Documents/目标检测/已打标的数据202604/user1_2026-03-16_154843_anylabeling/CropImage_20260126093618560_F3-I0_OK-2.json,/Users/tongjiarui/Documents/目标检测/已打标的数据202604/user1_2026-03-16_154843_anylabeling/CropImage_20260126093618560_F3-I0_OK-2.bmp,images/train/OK/CropImage_20260126093618560_F3-I0_OK-2.png
CropImage_20260126093618560_F3-I0_OK-3,NG,CropImage_20260126093618560_F3-I0_OK,train,/Users/tongjiarui/Documents/目标检测/已打标的数据202604/user1_2026-03-16_154843_anylabeling/CropImage_20260126093618560_F3-I0_OK-3.json,/Users/tongjiarui/Documents/目标检测/已打标的数据202604/user1_2026-03-16_154843_anylabeling/CropImage_20260126093618560_F3-I0_OK-3.bmp,images/train/NG/CropImage_20260126093618560_F3-I0_OK-3.png
CropImage_20260126093618560_F3-I0_OK-4,OK,CropImage_20260126093618560_F3-I0_OK,train,/Users/tongjiarui/Documents/目标检测/已打标的数据202604/user1_2026-03-16_154843_anylabeling/CropImage_20260126093618560_F3-I0_OK-4.json,/Users/tongjiarui/Documents/目标检测/已打标的数据202604/user1_2026-03-16_154843_anylabeling/CropImage_20260126093618560_F3-I0_OK-4.bmp,images/train/OK/CropImage_20260126093618560_F3-I0_OK-4.png
CropImage_20260126093618560_F3-I0_OK-5,NG,CropImage_20260126093618560_F3-I0_OK,train,/Users/tongjiarui/Documents/目标检测/已打标的数据202604/user1_2026-03-16_154843_anylabeling/CropImage_20260126093618560_F3-I0_OK-5.json,/Users/tongjiarui/Documents/目标检测/已打标的数据202604/user1_2026-03-16_154843_anylabeling/CropImage_20260126093618560_F3-I0_OK-5.bmp,images/train/NG/CropImage_20260126093618560_F3-I0_OK-5.png
CropImage_20260126093618560_F3-I0_OK-6,NG,CropImage_20260126093618560_F3-I0_OK,train,/Users/tongjiarui/Documents/目标检测/已打标的数据202604/user1_2026-03-16_154843_anylabeling/CropImage_20260126093618560_F3-I0_OK-6.json,/Users/tongjiarui/Documents/目标检测/已打标的数据202604/user1_2026-03-16_154843_anylabeling/CropImage_20260126093618560_F3-I0_OK-6.bmp,images/train/NG/CropImage_20260126093618560_F3-I0_OK-6.png
CropImage_20260126093618560_F3-I0_OK-7,NG,CropImage_20260126093618560_F3-I0_OK,train,/Users/tongjiarui/Documents/目标检测/已打标的数据202604/user1_2026-03-16_154843_anylabeling/CropImage_20260126093618560_F3-I0_OK-7.json,/Users/tongjiarui/Documents/目标检测/已打标的数据202604/user1_2026-03-16_154843_anylabeling/CropImage_20260126093618560_F3-I0_OK-7.bmp,images/train/NG/CropImage_20260126093618560_F3-I0_OK-7.png
CropImage_20260126093628062_F3-I0_OK-2,OK,CropImage_20260126093628062_F3-I0_OK,train,/Users/tongjiarui/Documents/目标检测/已打标的数据202604/user1_2026-03-16_154843_anylabeling/CropImage_20260126093628062_F3-I0_OK-2.json,/Users/tongjiarui/Documents/目标检测/已打标的数据202604/user1_2026-03-16_154843_anylabeling/CropImage_20260126093628062_F3-I0_OK-2.bmp,images/train/OK/CropImage_20260126093628062_F3-I0_OK-2.png
CropImage_20260126093628062_F3-I0_OK-3,NG,CropImage_20260126093628062_F3-I0_OK,train,/Users/tongjiarui/Documents/目标检测/已打标的数据202604/user1_2026-03-16_154843_anylabeling/CropImage_20260126093628062_F3-I0_OK-3.json,/Users/tongjiarui/Documents/目标检测/已打标的数据202604/user1_2026-03-16_154843_anylabeling/CropImage_20260126093628062_F3-I0_OK-3.bmp,images/train/NG/CropImage_20260126093628062_F3-I0_OK-3.png
CropImage_20260126093628062_F3-I0_OK-4,OK,CropImage_20260126093628062_F3-I0_OK,train,/Users/tongjiarui/Documents/目标检测/已打标的数据202604/user1_2026-03-16_154843_anylabeling/CropImage_20260126093628062_F3-I0_OK-4.json,/Users/tongjiarui/Documents/目标检测/已打标的数据202604/user1_2026-03-16_154843_anylabeling/CropImage_20260126093628062_F3-I0_OK-4.bmp,images/train/OK/CropImage_20260126093628062_F3-I0_OK-4.png
CropImage_20260126093628062_F3-I0_OK-5,NG,CropImage_20260126093628062_F3-I0_OK,train,/Users/tongjiarui/Documents/目标检测/已打标的数据202604/user1_2026-03-16_154843_anylabeling/CropImage_20260126093628062_F3-I0_OK-5.json,/Users/tongjiarui/Documents/目标检测/已打标的数据202604/user1_2026-03-16_154843_anylabeling/CropImage_20260126093628062_F3-I0_OK-5.bmp,images/train/NG/CropImage_20260126093628062_F3-I0_OK-5.png
CropImage_20260126093628062_F3-I0_OK-6,NG,CropImage_20260126093628062_F3-I0_OK,train,/Users/tongjiarui/Documents/目标检测/已打标的数据202604/user1_2026-03-16_154843_anylabeling/CropImage_20260126093628062_F3-I0_OK-6.json,/Users/tongjiarui/Documents/目标检测/已打标的数据202604/user1_2026-03-16_154843_anylabeling/CropImage_20260126093628062_F3-I0_OK-6.bmp,images/train/NG/CropImage_20260126093628062_F3-I0_OK-6.png
CropImage_20260126093628062_F3-I0_OK-7,NG,CropImage_20260126093628062_F3-I0_OK,train,/Users/tongjiarui/Documents/目标检测/已打标的数据202604/user1_2026-03-16_154843_anylabeling/CropImage_20260126093628062_F3-I0_OK-7.json,/Users/tongjiarui/Documents/目标检测/已打标的数据202604/user1_2026-03-16_154843_anylabeling/CropImage_20260126093628062_F3-I0_OK-7.bmp,images/train/NG/CropImage_20260126093628062_F3-I0_OK-7.png
CropImage_20260126135006021_F3-I0_OK-2,OK,CropImage_20260126135006021_F3-I0_OK,train,/Users/tongjiarui/Documents/目标检测/已打标的数据202604/user1_2026-03-16_154843_anylabeling/CropImage_20260126135006021_F3-I0_OK-2.json,/Users/tongjiarui/Documents/目标检测/已打标的数据202604/user1_2026-03-16_154843_anylabeling/CropImage_20260126135006021_F3-I0_OK-2.bmp,images/train/OK/CropImage_20260126135006021_F3-I0_OK-2.png
CropImage_20260126135006021_F3-I0_OK-3,NG,CropImage_20260126135006021_F3-I0_OK,train,/Users/tongjiarui/Documents/目标检测/已打标的数据202604/user1_2026-03-16_154843_anylabeling/CropImage_20260126135006021_F3-I0_OK-3.json,/Users/tongjiarui/Documents/目标检测/已打标的数据202604/user1_2026-03-16_154843_anylabeling/CropImage_20260126135006021_F3-I0_OK-3.bmp,images/train/NG/CropImage_20260126135006021_F3-I0_OK-3.png
CropImage_20260126135006021_F3-I0_OK-4,OK,CropImage_20260126135006021_F3-I0_OK,train,/Users/tongjiarui/Documents/目标检测/已打标的数据202604/user1_2026-03-16_154843_anylabeling/CropImage_20260126135006021_F3-I0_OK-4.json,/Users/tongjiarui/Documents/目标检测/已打标的数据202604/user1_2026-03-16_154843_anylabeling/CropImage_20260126135006021_F3-I0_OK-4.bmp,images/train/OK/CropImage_20260126135006021_F3-I0_OK-4.png
CropImage_20260126135006021_F3-I0_OK-5,NG,CropImage_20260126135006021_F3-I0_OK,train,/Users/tongjiarui/Documents/目标检测/已打标的数据202604/user1_2026-03-16_154843_anylabeling/CropImage_20260126135006021_F3-I0_OK-5.json,/Users/tongjiarui/Documents/目标检测/已打标的数据202604/user1_2026-03-16_154843_anylabeling/CropImage_20260126135006021_F3-I0_OK-5.bmp,images/train/NG/CropImage_20260126135006021_F3-I0_OK-5.png
CropImage_20260126135006021_F3-I0_OK-6,NG,CropImage_20260126135006021_F3-I0_OK,train,/Users/tongjiarui/Documents/目标检测/已打标的数据202604/user1_2026-03-16_154843_anylabeling/CropImage_20260126135006021_F3-I0_OK-6.json,/Users/tongjiarui/Documents/目标检测/已打标的数据202604/user1_2026-03-16_154843_anylabeling/CropImage_20260126135006021_F3-I0_OK-6.bmp,images/train/NG/CropImage_20260126135006021_F3-I0_OK-6.png
CropImage_20260126135006021_F3-I0_OK-7,NG,CropImage_20260126135006021_F3-I0_OK,train,/Users/tongjiarui/Documents/目标检测/已打标的数据202604/user1_2026-03-16_154843_anylabeling/CropImage_20260126135006021_F3-I0_OK-7.json,/Users/tongjiarui/Documents/目标检测/已打标的数据202604/user1_2026-03-16_154843_anylabeling/CropImage_20260126135006021_F3-I0_OK-7.bmp,images/train/NG/CropImage_20260126135006021_F3-I0_OK-7.png
CropImage_20260127084251120_F3-I0_OK-2,OK,CropImage_20260127084251120_F3-I0_OK,train,/Users/tongjiarui/Documents/目标检测/已打标的数据202604/user1_2026-03-16_154843_anylabeling/CropImage_20260127084251120_F3-I0_OK-2.json,/Users/tongjiarui/Documents/目标检测/已打标的数据202604/user1_2026-03-16_154843_anylabeling/CropImage_20260127084251120_F3-I0_OK-2.bmp,images/train/OK/CropImage_20260127084251120_F3-I0_OK-2.png
CropImage_20260127084251120_F3-I0_OK-3,NG,CropImage_20260127084251120_F3-I0_OK,train,/Users/tongjiarui/Documents/目标检测/已打标的数据202604/user1_2026-03-16_154843_anylabeling/CropImage_20260127084251120_F3-I0_OK-3.json,/Users/tongjiarui/Documents/目标检测/已打标的数据202604/user1_2026-03-16_154843_anylabeling/CropImage_20260127084251120_F3-I0_OK-3.bmp,images/train/NG/CropImage_20260127084251120_F3-I0_OK-3.png
CropImage_20260127084251120_F3-I0_OK-4,OK,CropImage_20260127084251120_F3-I0_OK,train,/Users/tongjiarui/Documents/目标检测/已打标的数据202604/user1_2026-03-16_154843_anylabeling/CropImage_20260127084251120_F3-I0_OK-4.json,/Users/tongjiarui/Documents/目标检测/已打标的数据202604/user1_2026-03-16_154843_anylabeling/CropImage_20260127084251120_F3-I0_OK-4.bmp,images/train/OK/CropImage_20260127084251120_F3-I0_OK-4.png
CropImage_20260127084251120_F3-I0_OK-5,NG,CropImage_20260127084251120_F3-I0_OK,train,/Users/tongjiarui/Documents/目标检测/已打标的数据202604/user1_2026-03-16_154843_anylabeling/CropImage_20260127084251120_F3-I0_OK-5.json,/Users/tongjiarui/Documents/目标检测/已打标的数据202604/user1_2026-03-16_154843_anylabeling/CropImage_20260127084251120_F3-I0_OK-5.bmp,images/train/NG/CropImage_20260127084251120_F3-I0_OK-5.png
CropImage_20260127084251120_F3-I0_OK-6,OK,CropImage_20260127084251120_F3-I0_OK,train,/Users/tongjiarui/Documents/目标检测/已打标的数据202604/user1_2026-03-16_154843_anylabeling/CropImage_20260127084251120_F3-I0_OK-6.json,/Users/tongjiarui/Documents/目标检测/已打标的数据202604/user1_2026-03-16_154843_anylabeling/CropImage_20260127084251120_F3-I0_OK-6.bmp,images/train/OK/CropImage_20260127084251120_F3-I0_OK-6.png
CropImage_20260127084251120_F3-I0_OK-7,OK,CropImage_20260127084251120_F3-I0_OK,train,/Users/tongjiarui/Documents/目标检测/已打标的数据202604/user1_2026-03-16_154843_anylabeling/CropImage_20260127084251120_F3-I0_OK-7.json,/Users/tongjiarui/Documents/目标检测/已打标的数据202604/user1_2026-03-16_154843_anylabeling/CropImage_20260127084251120_F3-I0_OK-7.bmp,images/train/OK/CropImage_20260127084251120_F3-I0_OK-7.png
CropImage_20260127110359643_F3-I0_NG-2,OK,CropImage_20260127110359643_F3-I0_NG,train,/Users/tongjiarui/Documents/目标检测/已打标的数据202604/user1_2026-03-16_154843_anylabeling/CropImage_20260127110359643_F3-I0_NG-2.json,/Users/tongjiarui/Documents/目标检测/已打标的数据202604/user1_2026-03-16_154843_anylabeling/CropImage_20260127110359643_F3-I0_NG-2.bmp,images/train/OK/CropImage_20260127110359643_F3-I0_NG-2.png
CropImage_20260127110359643_F3-I0_NG-3,NG,CropImage_20260127110359643_F3-I0_NG,train,/Users/tongjiarui/Documents/目标检测/已打标的数据202604/user1_2026-03-16_154843_anylabeling/CropImage_20260127110359643_F3-I0_NG-3.json,/Users/tongjiarui/Documents/目标检测/已打标的数据202604/user1_2026-03-16_154843_anylabeling/CropImage_20260127110359643_F3-I0_NG-3.bmp,images/train/NG/CropImage_20260127110359643_F3-I0_NG-3.png
CropImage_20260127110359643_F3-I0_NG-4,OK,CropImage_20260127110359643_F3-I0_NG,train,/Users/tongjiarui/Documents/目标检测/已打标的数据202604/user1_2026-03-16_154843_anylabeling/CropImage_20260127110359643_F3-I0_NG-4.json,/Users/tongjiarui/Documents/目标检测/已打标的数据202604/user1_2026-03-16_154843_anylabeling/CropImage_20260127110359643_F3-I0_NG-4.bmp,images/train/OK/CropImage_20260127110359643_F3-I0_NG-4.png
CropImage_20260127110359643_F3-I0_NG-5,NG,CropImage_20260127110359643_F3-I0_NG,train,/Users/tongjiarui/Documents/目标检测/已打标的数据202604/user1_2026-03-16_154843_anylabeling/CropImage_20260127110359643_F3-I0_NG-5.json,/Users/tongjiarui/Documents/目标检测/已打标的数据202604/user1_2026-03-16_154843_anylabeling/CropImage_20260127110359643_F3-I0_NG-5.bmp,images/train/NG/CropImage_20260127110359643_F3-I0_NG-5.png
CropImage_20260127110359643_F3-I0_NG-6,NG,CropImage_20260127110359643_F3-I0_NG,train,/Users/tongjiarui/Documents/目标检测/已打标的数据202604/user1_2026-03-16_154843_anylabeling/CropImage_20260127110359643_F3-I0_NG-6.json,/Users/tongjiarui/Documents/目标检测/已打标的数据202604/user1_2026-03-16_154843_anylabeling/CropImage_20260127110359643_F3-I0_NG-6.bmp,images/train/NG/CropImage_20260127110359643_F3-I0_NG-6.png
CropImage_20260127110421517_F3-I0_OK-2,OK,CropImage_20260127110421517_F3-I0_OK,train,/Users/tongjiarui/Documents/目标检测/已打标的数据202604/user1_2026-03-16_154843_anylabeling/CropImage_20260127110421517_F3-I0_OK-2.json,/Users/tongjiarui/Documents/目标检测/已打标的数据202604/user1_2026-03-16_154843_anylabeling/CropImage_20260127110421517_F3-I0_OK-2.bmp,images/train/OK/CropImage_20260127110421517_F3-I0_OK-2.png
CropImage_20260127110421517_F3-I0_OK-3,NG,CropImage_20260127110421517_F3-I0_OK,train,/Users/tongjiarui/Documents/目标检测/已打标的数据202604/user1_2026-03-16_154843_anylabeling/CropImage_20260127110421517_F3-I0_OK-3.json,/Users/tongjiarui/Documents/目标检测/已打标的数据202604/user1_2026-03-16_154843_anylabeling/CropImage_20260127110421517_F3-I0_OK-3.bmp,images/train/NG/CropImage_20260127110421517_F3-I0_OK-3.png
CropImage_20260127110421517_F3-I0_OK-4,OK,CropImage_20260127110421517_F3-I0_OK,train,/Users/tongjiarui/Documents/目标检测/已打标的数据202604/user1_2026-03-16_154843_anylabeling/CropImage_20260127110421517_F3-I0_OK-4.json,/Users/tongjiarui/Documents/目标检测/已打标的数据202604/user1_2026-03-16_154843_anylabeling/CropImage_20260127110421517_F3-I0_OK-4.bmp,images/train/OK/CropImage_20260127110421517_F3-I0_OK-4.png
CropImage_20260127110421517_F3-I0_OK-5,NG,CropImage_20260127110421517_F3-I0_OK,train,/Users/tongjiarui/Documents/目标检测/已打标的数据202604/user1_2026-03-16_154843_anylabeling/CropImage_20260127110421517_F3-I0_OK-5.json,/Users/tongjiarui/Documents/目标检测/已打标的数据202604/user1_2026-03-16_154843_anylabeling/CropImage_20260127110421517_F3-I0_OK-5.bmp,images/train/NG/CropImage_20260127110421517_F3-I0_OK-5.png
CropImage_20260127110421517_F3-I0_OK-6,NG,CropImage_20260127110421517_F3-I0_OK,train,/Users/tongjiarui/Documents/目标检测/已打标的数据202604/user1_2026-03-16_154843_anylabeling/CropImage_20260127110421517_F3-I0_OK-6.json,/Users/tongjiarui/Documents/目标检测/已打标的数据202604/user1_2026-03-16_154843_anylabeling/CropImage_20260127110421517_F3-I0_OK-6.bmp,images/train/NG/CropImage_20260127110421517_F3-I0_OK-6.png
CropImage_20260127110421517_F3-I0_OK-7,NG,CropImage_20260127110421517_F3-I0_OK,train,/Users/tongjiarui/Documents/目标检测/已打标的数据202604/user1_2026-03-16_154843_anylabeling/CropImage_20260127110421517_F3-I0_OK-7.json,/Users/tongjiarui/Documents/目标检测/已打标的数据202604/user1_2026-03-16_154843_anylabeling/CropImage_20260127110421517_F3-I0_OK-7.bmp,images/train/NG/CropImage_20260127110421517_F3-I0_OK-7.png
CropImage_20260127110514426_F3-I0_OK-2,OK,CropImage_20260127110514426_F3-I0_OK,train,/Users/tongjiarui/Documents/目标检测/已打标的数据202604/user1_2026-03-16_154843_anylabeling/CropImage_20260127110514426_F3-I0_OK-2.json,/Users/tongjiarui/Documents/目标检测/已打标的数据202604/user1_2026-03-16_154843_anylabeling/CropImage_20260127110514426_F3-I0_OK-2.bmp,images/train/OK/CropImage_20260127110514426_F3-I0_OK-2.png
CropImage_20260127110514426_F3-I0_OK-3,NG,CropImage_20260127110514426_F3-I0_OK,train,/Users/tongjiarui/Documents/目标检测/已打标的数据202604/user1_2026-03-16_154843_anylabeling/CropImage_20260127110514426_F3-I0_OK-3.json,/Users/tongjiarui/Documents/目标检测/已打标的数据202604/user1_2026-03-16_154843_anylabeling/CropImage_20260127110514426_F3-I0_OK-3.bmp,images/train/NG/CropImage_20260127110514426_F3-I0_OK-3.png
CropImage_20260127110514426_F3-I0_OK-4,OK,CropImage_20260127110514426_F3-I0_OK,train,/Users/tongjiarui/Documents/目标检测/已打标的数据202604/user1_2026-03-16_154843_anylabeling/CropImage_20260127110514426_F3-I0_OK-4.json,/Users/tongjiarui/Documents/目标检测/已打标的数据202604/user1_2026-03-16_154843_anylabeling/CropImage_20260127110514426_F3-I0_OK-4.bmp,images/train/OK/CropImage_20260127110514426_F3-I0_OK-4.png
CropImage_20260127110514426_F3-I0_OK-5,NG,CropImage_20260127110514426_F3-I0_OK,train,/Users/tongjiarui/Documents/目标检测/已打标的数据202604/user1_2026-03-16_154843_anylabeling/CropImage_20260127110514426_F3-I0_OK-5.json,/Users/tongjiarui/Documents/目标检测/已打标的数据202604/user1_2026-03-16_154843_anylabeling/CropImage_20260127110514426_F3-I0_OK-5.bmp,images/train/NG/CropImage_20260127110514426_F3-I0_OK-5.png
CropImage_20260127110514426_F3-I0_OK-6,NG,CropImage_20260127110514426_F3-I0_OK,train,/Users/tongjiarui/Documents/目标检测/已打标的数据202604/user1_2026-03-16_154843_anylabeling/CropImage_20260127110514426_F3-I0_OK-6.json,/Users/tongjiarui/Documents/目标检测/已打标的数据202604/user1_2026-03-16_154843_anylabeling/CropImage_20260127110514426_F3-I0_OK-6.bmp,images/train/NG/CropImage_20260127110514426_F3-I0_OK-6.png
CropImage_20260127110514426_F3-I0_OK-7,NG,CropImage_20260127110514426_F3-I0_OK,train,/Users/tongjiarui/Documents/目标检测/已打标的数据202604/user1_2026-03-16_154843_anylabeling/CropImage_20260127110514426_F3-I0_OK-7.json,/Users/tongjiarui/Documents/目标检测/已打标的数据202604/user1_2026-03-16_154843_anylabeling/CropImage_20260127110514426_F3-I0_OK-7.bmp,images/train/NG/CropImage_20260127110514426_F3-I0_OK-7.png
CropImage_20260127110706968_F3-I0_OK-2,OK,CropImage_20260127110706968_F3-I0_OK,train,/Users/tongjiarui/Documents/目标检测/已打标的数据202604/user1_2026-03-16_154843_anylabeling/CropImage_20260127110706968_F3-I0_OK-2.json,/Users/tongjiarui/Documents/目标检测/已打标的数据202604/user1_2026-03-16_154843_anylabeling/CropImage_20260127110706968_F3-I0_OK-2.bmp,images/train/OK/CropImage_20260127110706968_F3-I0_OK-2.png
CropImage_20260127110706968_F3-I0_OK-3,NG,CropImage_20260127110706968_F3-I0_OK,train,/Users/tongjiarui/Documents/目标检测/已打标的数据202604/user1_2026-03-16_154843_anylabeling/CropImage_20260127110706968_F3-I0_OK-3.json,/Users/tongjiarui/Documents/目标检测/已打标的数据202604/user1_2026-03-16_154843_anylabeling/CropImage_20260127110706968_F3-I0_OK-3.bmp,images/train/NG/CropImage_20260127110706968_F3-I0_OK-3.png
CropImage_20260127110706968_F3-I0_OK-4,OK,CropImage_20260127110706968_F3-I0_OK,train,/Users/tongjiarui/Documents/目标检测/已打标的数据202604/user1_2026-03-16_154843_anylabeling/CropImage_20260127110706968_F3-I0_OK-4.json,/Users/tongjiarui/Documents/目标检测/已打标的数据202604/user1_2026-03-16_154843_anylabeling/CropImage_20260127110706968_F3-I0_OK-4.bmp,images/train/OK/CropImage_20260127110706968_F3-I0_OK-4.png
CropImage_20260127110706968_F3-I0_OK-5,NG,CropImage_20260127110706968_F3-I0_OK,train,/Users/tongjiarui/Documents/目标检测/已打标的数据202604/user1_2026-03-16_154843_anylabeling/CropImage_20260127110706968_F3-I0_OK-5.json,/Users/tongjiarui/Documents/目标检测/已打标的数据202604/user1_2026-03-16_154843_anylabeling/CropImage_20260127110706968_F3-I0_OK-5.bmp,images/train/NG/CropImage_20260127110706968_F3-I0_OK-5.png
CropImage_20260127110706968_F3-I0_OK-6,NG,CropImage_20260127110706968_F3-I0_OK,train,/Users/tongjiarui/Documents/目标检测/已打标的数据202604/user1_2026-03-16_154843_anylabeling/CropImage_20260127110706968_F3-I0_OK-6.json,/Users/tongjiarui/Documents/目标检测/已打标的数据202604/user1_2026-03-16_154843_anylabeling/CropImage_20260127110706968_F3-I0_OK-6.bmp,images/train/NG/CropImage_20260127110706968_F3-I0_OK-6.png
CropImage_20260127110943715_F3-I0_OK-2,OK,CropImage_20260127110943715_F3-I0_OK,train,/Users/tongjiarui/Documents/目标检测/已打标的数据202604/user1_2026-03-16_154843_anylabeling/CropImage_20260127110943715_F3-I0_OK-2.json,/Users/tongjiarui/Documents/目标检测/已打标的数据202604/user1_2026-03-16_154843_anylabeling/CropImage_20260127110943715_F3-I0_OK-2.bmp,images/train/OK/CropImage_20260127110943715_F3-I0_OK-2.png
CropImage_20260127110943715_F3-I0_OK-3,NG,CropImage_20260127110943715_F3-I0_OK,train,/Users/tongjiarui/Documents/目标检测/已打标的数据202604/user1_2026-03-16_154843_anylabeling/CropImage_20260127110943715_F3-I0_OK-3.json,/Users/tongjiarui/Documents/目标检测/已打标的数据202604/user1_2026-03-16_154843_anylabeling/CropImage_20260127110943715_F3-I0_OK-3.bmp,images/train/NG/CropImage_20260127110943715_F3-I0_OK-3.png
CropImage_20260127110943715_F3-I0_OK-4,OK,CropImage_20260127110943715_F3-I0_OK,train,/Users/tongjiarui/Documents/目标检测/已打标的数据202604/user1_2026-03-16_154843_anylabeling/CropImage_20260127110943715_F3-I0_OK-4.json,/Users/tongjiarui/Documents/目标检测/已打标的数据202604/user1_2026-03-16_154843_anylabeling/CropImage_20260127110943715_F3-I0_OK-4.bmp,images/train/OK/CropImage_20260127110943715_F3-I0_OK-4.png
CropImage_20260127110943715_F3-I0_OK-5,NG,CropImage_20260127110943715_F3-I0_OK,train,/Users/tongjiarui/Documents/目标检测/已打标的数据202604/user1_2026-03-16_154843_anylabeling/CropImage_20260127110943715_F3-I0_OK-5.json,/Users/tongjiarui/Documents/目标检测/已打标的数据202604/user1_2026-03-16_154843_anylabeling/CropImage_20260127110943715_F3-I0_OK-5.bmp,images/train/NG/CropImage_20260127110943715_F3-I0_OK-5.png
CropImage_20260127110943715_F3-I0_OK-6,NG,CropImage_20260127110943715_F3-I0_OK,train,/Users/tongjiarui/Documents/目标检测/已打标的数据202604/user1_2026-03-16_154843_anylabeling/CropImage_20260127110943715_F3-I0_OK-6.json,/Users/tongjiarui/Documents/目标检测/已打标的数据202604/user1_2026-03-16_154843_anylabeling/CropImage_20260127110943715_F3-I0_OK-6.bmp,images/train/NG/CropImage_20260127110943715_F3-I0_OK-6.png
CropImage_20260127174342914_F3-I0_OK-2,OK,CropImage_20260127174342914_F3-I0_OK,train,/Users/tongjiarui/Documents/目标检测/已打标的数据202604/user1_2026-03-16_154843_anylabeling/CropImage_20260127174342914_F3-I0_OK-2.json,/Users/tongjiarui/Documents/目标检测/已打标的数据202604/user1_2026-03-16_154843_anylabeling/CropImage_20260127174342914_F3-I0_OK-2.bmp,images/train/OK/CropImage_20260127174342914_F3-I0_OK-2.png
CropImage_20260127174342914_F3-I0_OK-3,NG,CropImage_20260127174342914_F3-I0_OK,train,/Users/tongjiarui/Documents/目标检测/已打标的数据202604/user1_2026-03-16_154843_anylabeling/CropImage_20260127174342914_F3-I0_OK-3.json,/Users/tongjiarui/Documents/目标检测/已打标的数据202604/user1_2026-03-16_154843_anylabeling/CropImage_20260127174342914_F3-I0_OK-3.bmp,images/train/NG/CropImage_20260127174342914_F3-I0_OK-3.png
CropImage_20260127174342914_F3-I0_OK-4,OK,CropImage_20260127174342914_F3-I0_OK,train,/Users/tongjiarui/Documents/目标检测/已打标的数据202604/user1_2026-03-16_154843_anylabeling/CropImage_20260127174342914_F3-I0_OK-4.json,/Users/tongjiarui/Documents/目标检测/已打标的数据202604/user1_2026-03-16_154843_anylabeling/CropImage_20260127174342914_F3-I0_OK-4.bmp,images/train/OK/CropImage_20260127174342914_F3-I0_OK-4.png
CropImage_20260127174342914_F3-I0_OK-5,NG,CropImage_20260127174342914_F3-I0_OK,train,/Users/tongjiarui/Documents/目标检测/已打标的数据202604/user1_2026-03-16_154843_anylabeling/CropImage_20260127174342914_F3-I0_OK-5.json,/Users/tongjiarui/Documents/目标检测/已打标的数据202604/user1_2026-03-16_154843_anylabeling/CropImage_20260127174342914_F3-I0_OK-5.bmp,images/train/NG/CropImage_20260127174342914_F3-I0_OK-5.png
CropImage_20260127174342914_F3-I0_OK-6,NG,CropImage_20260127174342914_F3-I0_OK,train,/Users/tongjiarui/Documents/目标检测/已打标的数据202604/user1_2026-03-16_154843_anylabeling/CropImage_20260127174342914_F3-I0_OK-6.json,/Users/tongjiarui/Documents/目标检测/已打标的数据202604/user1_2026-03-16_154843_anylabeling/CropImage_20260127174342914_F3-I0_OK-6.bmp,images/train/NG/CropImage_20260127174342914_F3-I0_OK-6.png
CropImage_20260127174342914_F3-I0_OK-7,NG,CropImage_20260127174342914_F3-I0_OK,train,/Users/tongjiarui/Documents/目标检测/已打标的数据202604/user1_2026-03-16_154843_anylabeling/CropImage_20260127174342914_F3-I0_OK-7.json,/Users/tongjiarui/Documents/目标检测/已打标的数据202604/user1_2026-03-16_154843_anylabeling/CropImage_20260127174342914_F3-I0_OK-7.bmp,images/train/NG/CropImage_20260127174342914_F3-I0_OK-7.png
CropImage_20260127183936444_F3-I0_OK-2,OK,CropImage_20260127183936444_F3-I0_OK,train,/Users/tongjiarui/Documents/目标检测/已打标的数据202604/user1_2026-03-16_154843_anylabeling/CropImage_20260127183936444_F3-I0_OK-2.json,/Users/tongjiarui/Documents/目标检测/已打标的数据202604/user1_2026-03-16_154843_anylabeling/CropImage_20260127183936444_F3-I0_OK-2.bmp,images/train/OK/CropImage_20260127183936444_F3-I0_OK-2.png
CropImage_20260127183936444_F3-I0_OK-3,NG,CropImage_20260127183936444_F3-I0_OK,train,/Users/tongjiarui/Documents/目标检测/已打标的数据202604/user1_2026-03-16_154843_anylabeling/CropImage_20260127183936444_F3-I0_OK-3.json,/Users/tongjiarui/Documents/目标检测/已打标的数据202604/user1_2026-03-16_154843_anylabeling/CropImage_20260127183936444_F3-I0_OK-3.bmp,images/train/NG/CropImage_20260127183936444_F3-I0_OK-3.png
CropImage_20260127183936444_F3-I0_OK-4,OK,CropImage_20260127183936444_F3-I0_OK,train,/Users/tongjiarui/Documents/目标检测/已打标的数据202604/user1_2026-03-16_154843_anylabeling/CropImage_20260127183936444_F3-I0_OK-4.json,/Users/tongjiarui/Documents/目标检测/已打标的数据202604/user1_2026-03-16_154843_anylabeling/CropImage_20260127183936444_F3-I0_OK-4.bmp,images/train/OK/CropImage_20260127183936444_F3-I0_OK-4.png
CropImage_20260127183936444_F3-I0_OK-5,NG,CropImage_20260127183936444_F3-I0_OK,train,/Users/tongjiarui/Documents/目标检测/已打标的数据202604/user1_2026-03-16_154843_anylabeling/CropImage_20260127183936444_F3-I0_OK-5.json,/Users/tongjiarui/Documents/目标检测/已打标的数据202604/user1_2026-03-16_154843_anylabeling/CropImage_20260127183936444_F3-I0_OK-5.bmp,images/train/NG/CropImage_20260127183936444_F3-I0_OK-5.png
CropImage_20260127183936444_F3-I0_OK-6,OK,CropImage_20260127183936444_F3-I0_OK,train,/Users/tongjiarui/Documents/目标检测/已打标的数据202604/user1_2026-03-16_154843_anylabeling/CropImage_20260127183936444_F3-I0_OK-6.json,/Users/tongjiarui/Documents/目标检测/已打标的数据202604/user1_2026-03-16_154843_anylabeling/CropImage_20260127183936444_F3-I0_OK-6.bmp,images/train/OK/CropImage_20260127183936444_F3-I0_OK-6.png
CropImage_20260127183936444_F3-I0_OK-7,NG,CropImage_20260127183936444_F3-I0_OK,train,/Users/tongjiarui/Documents/目标检测/已打标的数据202604/user1_2026-03-16_154843_anylabeling/CropImage_20260127183936444_F3-I0_OK-7.json,/Users/tongjiarui/Documents/目标检测/已打标的数据202604/user1_2026-03-16_154843_anylabeling/CropImage_20260127183936444_F3-I0_OK-7.bmp,images/train/NG/CropImage_20260127183936444_F3-I0_OK-7.png
CropImage_20260127184031899_F3-I0_OK-2,OK,CropImage_20260127184031899_F3-I0_OK,train,/Users/tongjiarui/Documents/目标检测/已打标的数据202604/user1_2026-03-16_154843_anylabeling/CropImage_20260127184031899_F3-I0_OK-2.json,/Users/tongjiarui/Documents/目标检测/已打标的数据202604/user1_2026-03-16_154843_anylabeling/CropImage_20260127184031899_F3-I0_OK-2.bmp,images/train/OK/CropImage_20260127184031899_F3-I0_OK-2.png
CropImage_20260127184031899_F3-I0_OK-3,NG,CropImage_20260127184031899_F3-I0_OK,train,/Users/tongjiarui/Documents/目标检测/已打标的数据202604/user1_2026-03-16_154843_anylabeling/CropImage_20260127184031899_F3-I0_OK-3.json,/Users/tongjiarui/Documents/目标检测/已打标的数据202604/user1_2026-03-16_154843_anylabeling/CropImage_20260127184031899_F3-I0_OK-3.bmp,images/train/NG/CropImage_20260127184031899_F3-I0_OK-3.png
CropImage_20260127184031899_F3-I0_OK-4,OK,CropImage_20260127184031899_F3-I0_OK,train,/Users/tongjiarui/Documents/目标检测/已打标的数据202604/user1_2026-03-16_154843_anylabeling/CropImage_20260127184031899_F3-I0_OK-4.json,/Users/tongjiarui/Documents/目标检测/已打标的数据202604/user1_2026-03-16_154843_anylabeling/CropImage_20260127184031899_F3-I0_OK-4.bmp,images/train/OK/CropImage_20260127184031899_F3-I0_OK-4.png
CropImage_20260127184031899_F3-I0_OK-5,NG,CropImage_20260127184031899_F3-I0_OK,train,/Users/tongjiarui/Documents/目标检测/已打标的数据202604/user1_2026-03-16_154843_anylabeling/CropImage_20260127184031899_F3-I0_OK-5.json,/Users/tongjiarui/Documents/目标检测/已打标的数据202604/user1_2026-03-16_154843_anylabeling/CropImage_20260127184031899_F3-I0_OK-5.bmp,images/train/NG/CropImage_20260127184031899_F3-I0_OK-5.png
CropImage_20260127184031899_F3-I0_OK-6,OK,CropImage_20260127184031899_F3-I0_OK,train,/Users/tongjiarui/Documents/目标检测/已打标的数据202604/user1_2026-03-16_154843_anylabeling/CropImage_20260127184031899_F3-I0_OK-6.json,/Users/tongjiarui/Documents/目标检测/已打标的数据202604/user1_2026-03-16_154843_anylabeling/CropImage_20260127184031899_F3-I0_OK-6.bmp,images/train/OK/CropImage_20260127184031899_F3-I0_OK-6.png
CropImage_20260127184031899_F3-I0_OK-7,NG,CropImage_20260127184031899_F3-I0_OK,train,/Users/tongjiarui/Documents/目标检测/已打标的数据202604/user1_2026-03-16_154843_anylabeling/CropImage_20260127184031899_F3-I0_OK-7.json,/Users/tongjiarui/Documents/目标检测/已打标的数据202604/user1_2026-03-16_154843_anylabeling/CropImage_20260127184031899_F3-I0_OK-7.bmp,images/train/NG/CropImage_20260127184031899_F3-I0_OK-7.png
CropImage_20260127184038417_F3-I0_OK-2,OK,CropImage_20260127184038417_F3-I0_OK,train,/Users/tongjiarui/Documents/目标检测/已打标的数据202604/user1_2026-03-16_154843_anylabeling/CropImage_20260127184038417_F3-I0_OK-2.json,/Users/tongjiarui/Documents/目标检测/已打标的数据202604/user1_2026-03-16_154843_anylabeling/CropImage_20260127184038417_F3-I0_OK-2.bmp,images/train/OK/CropImage_20260127184038417_F3-I0_OK-2.png
CropImage_20260127184038417_F3-I0_OK-3,NG,CropImage_20260127184038417_F3-I0_OK,train,/Users/tongjiarui/Documents/目标检测/已打标的数据202604/user1_2026-03-16_154843_anylabeling/CropImage_20260127184038417_F3-I0_OK-3.json,/Users/tongjiarui/Documents/目标检测/已打标的数据202604/user1_2026-03-16_154843_anylabeling/CropImage_20260127184038417_F3-I0_OK-3.bmp,images/train/NG/CropImage_20260127184038417_F3-I0_OK-3.png
CropImage_20260127184038417_F3-I0_OK-5,NG,CropImage_20260127184038417_F3-I0_OK,train,/Users/tongjiarui/Documents/目标检测/已打标的数据202604/user1_2026-03-16_154843_anylabeling/CropImage_20260127184038417_F3-I0_OK-5.json,/Users/tongjiarui/Documents/目标检测/已打标的数据202604/user1_2026-03-16_154843_anylabeling/CropImage_20260127184038417_F3-I0_OK-5.bmp,images/train/NG/CropImage_20260127184038417_F3-I0_OK-5.png
CropImage_20260127184038417_F3-I0_OK-6,NG,CropImage_20260127184038417_F3-I0_OK,train,/Users/tongjiarui/Documents/目标检测/已打标的数据202604/user1_2026-03-16_154843_anylabeling/CropImage_20260127184038417_F3-I0_OK-6.json,/Users/tongjiarui/Documents/目标检测/已打标的数据202604/user1_2026-03-16_154843_anylabeling/CropImage_20260127184038417_F3-I0_OK-6.bmp,images/train/NG/CropImage_20260127184038417_F3-I0_OK-6.png
CropImage_20260127184038417_F3-I0_OK-7,NG,CropImage_20260127184038417_F3-I0_OK,train,/Users/tongjiarui/Documents/目标检测/已打标的数据202604/user1_2026-03-16_154843_anylabeling/CropImage_20260127184038417_F3-I0_OK-7.json,/Users/tongjiarui/Documents/目标检测/已打标的数据202604/user1_2026-03-16_154843_anylabeling/CropImage_20260127184038417_F3-I0_OK-7.bmp,images/train/NG/CropImage_20260127184038417_F3-I0_OK-7.png
CropImage_20260127184051449_F3-I0_OK-2,NG,CropImage_20260127184051449_F3-I0_OK,train,/Users/tongjiarui/Documents/目标检测/已打标的数据202604/user1_2026-03-16_154843_anylabeling/CropImage_20260127184051449_F3-I0_OK-2.json,/Users/tongjiarui/Documents/目标检测/已打标的数据202604/user1_2026-03-16_154843_anylabeling/CropImage_20260127184051449_F3-I0_OK-2.bmp,images/train/NG/CropImage_20260127184051449_F3-I0_OK-2.png
CropImage_20260127184051449_F3-I0_OK-3,OK,CropImage_20260127184051449_F3-I0_OK,train,/Users/tongjiarui/Documents/目标检测/已打标的数据202604/user1_2026-03-16_154843_anylabeling/CropImage_20260127184051449_F3-I0_OK-3.json,/Users/tongjiarui/Documents/目标检测/已打标的数据202604/user1_2026-03-16_154843_anylabeling/CropImage_20260127184051449_F3-I0_OK-3.bmp,images/train/OK/CropImage_20260127184051449_F3-I0_OK-3.png
CropImage_20260127184051449_F3-I0_OK-4,OK,CropImage_20260127184051449_F3-I0_OK,train,/Users/tongjiarui/Documents/目标检测/已打标的数据202604/user1_2026-03-16_154843_anylabeling/CropImage_20260127184051449_F3-I0_OK-4.json,/Users/tongjiarui/Documents/目标检测/已打标的数据202604/user1_2026-03-16_154843_anylabeling/CropImage_20260127184051449_F3-I0_OK-4.bmp,images/train/OK/CropImage_20260127184051449_F3-I0_OK-4.png
CropImage_20260127184051449_F3-I0_OK-5,NG,CropImage_20260127184051449_F3-I0_OK,train,/Users/tongjiarui/Documents/目标检测/已打标的数据202604/user1_2026-03-16_154843_anylabeling/CropImage_20260127184051449_F3-I0_OK-5.json,/Users/tongjiarui/Documents/目标检测/已打标的数据202604/user1_2026-03-16_154843_anylabeling/CropImage_20260127184051449_F3-I0_OK-5.bmp,images/train/NG/CropImage_20260127184051449_F3-I0_OK-5.png
CropImage_20260127184051449_F3-I0_OK-6,OK,CropImage_20260127184051449_F3-I0_OK,train,/Users/tongjiarui/Documents/目标检测/已打标的数据202604/user1_2026-03-16_154843_anylabeling/CropImage_20260127184051449_F3-I0_OK-6.json,/Users/tongjiarui/Documents/目标检测/已打标的数据202604/user1_2026-03-16_154843_anylabeling/CropImage_20260127184051449_F3-I0_OK-6.bmp,images/train/OK/CropImage_20260127184051449_F3-I0_OK-6.png
CropImage_20260127184051449_F3-I0_OK-7,OK,CropImage_20260127184051449_F3-I0_OK,train,/Users/tongjiarui/Documents/目标检测/已打标的数据202604/user1_2026-03-16_154843_anylabeling/CropImage_20260127184051449_F3-I0_OK-7.json,/Users/tongjiarui/Documents/目标检测/已打标的数据202604/user1_2026-03-16_154843_anylabeling/CropImage_20260127184051449_F3-I0_OK-7.bmp,images/train/OK/CropImage_20260127184051449_F3-I0_OK-7.png
CropImage_20260127184844514_F3-I0_OK-2,OK,CropImage_20260127184844514_F3-I0_OK,train,/Users/tongjiarui/Documents/目标检测/已打标的数据202604/user1_2026-03-16_154843_anylabeling/CropImage_20260127184844514_F3-I0_OK-2.json,/Users/tongjiarui/Documents/目标检测/已打标的数据202604/user1_2026-03-16_154843_anylabeling/CropImage_20260127184844514_F3-I0_OK-2.bmp,images/train/OK/CropImage_20260127184844514_F3-I0_OK-2.png
CropImage_20260127184844514_F3-I0_OK-3,NG,CropImage_20260127184844514_F3-I0_OK,train,/Users/tongjiarui/Documents/目标检测/已打标的数据202604/user1_2026-03-16_154843_anylabeling/CropImage_20260127184844514_F3-I0_OK-3.json,/Users/tongjiarui/Documents/目标检测/已打标的数据202604/user1_2026-03-16_154843_anylabeling/CropImage_20260127184844514_F3-I0_OK-3.bmp,images/train/NG/CropImage_20260127184844514_F3-I0_OK-3.png
CropImage_20260127184844514_F3-I0_OK-4,OK,CropImage_20260127184844514_F3-I0_OK,train,/Users/tongjiarui/Documents/目标检测/已打标的数据202604/user1_2026-03-16_154843_anylabeling/CropImage_20260127184844514_F3-I0_OK-4.json,/Users/tongjiarui/Documents/目标检测/已打标的数据202604/user1_2026-03-16_154843_anylabeling/CropImage_20260127184844514_F3-I0_OK-4.bmp,images/train/OK/CropImage_20260127184844514_F3-I0_OK-4.png
CropImage_20260127184844514_F3-I0_OK-5,NG,CropImage_20260127184844514_F3-I0_OK,train,/Users/tongjiarui/Documents/目标检测/已打标的数据202604/user1_2026-03-16_154843_anylabeling/CropImage_20260127184844514_F3-I0_OK-5.json,/Users/tongjiarui/Documents/目标检测/已打标的数据202604/user1_2026-03-16_154843_anylabeling/CropImage_20260127184844514_F3-I0_OK-5.bmp,images/train/NG/CropImage_20260127184844514_F3-I0_OK-5.png
CropImage_20260127184844514_F3-I0_OK-6,NG,CropImage_20260127184844514_F3-I0_OK,train,/Users/tongjiarui/Documents/目标检测/已打标的数据202604/user1_2026-03-16_154843_anylabeling/CropImage_20260127184844514_F3-I0_OK-6.json,/Users/tongjiarui/Documents/目标检测/已打标的数据202604/user1_2026-03-16_154843_anylabeling/CropImage_20260127184844514_F3-I0_OK-6.bmp,images/train/NG/CropImage_20260127184844514_F3-I0_OK-6.png
CropImage_20260127184844514_F3-I0_OK-7,NG,CropImage_20260127184844514_F3-I0_OK,train,/Users/tongjiarui/Documents/目标检测/已打标的数据202604/user1_2026-03-16_154843_anylabeling/CropImage_20260127184844514_F3-I0_OK-7.json,/Users/tongjiarui/Documents/目标检测/已打标的数据202604/user1_2026-03-16_154843_anylabeling/CropImage_20260127184844514_F3-I0_OK-7.bmp,images/train/NG/CropImage_20260127184844514_F3-I0_OK-7.png
CropImage_20260127201733495_F3-I0_OK-2,OK,CropImage_20260127201733495_F3-I0_OK,train,/Users/tongjiarui/Documents/目标检测/已打标的数据202604/user1_2026-03-16_154843_anylabeling/CropImage_20260127201733495_F3-I0_OK-2.json,/Users/tongjiarui/Documents/目标检测/已打标的数据202604/user1_2026-03-16_154843_anylabeling/CropImage_20260127201733495_F3-I0_OK-2.bmp,images/train/OK/CropImage_20260127201733495_F3-I0_OK-2.png
CropImage_20260127201733495_F3-I0_OK-5,NG,CropImage_20260127201733495_F3-I0_OK,train,/Users/tongjiarui/Documents/目标检测/已打标的数据202604/user1_2026-03-16_154843_anylabeling/CropImage_20260127201733495_F3-I0_OK-5.json,/Users/tongjiarui/Documents/目标检测/已打标的数据202604/user1_2026-03-16_154843_anylabeling/CropImage_20260127201733495_F3-I0_OK-5.bmp,images/train/NG/CropImage_20260127201733495_F3-I0_OK-5.png
CropImage_20260127201733495_F3-I0_OK-6,NG,CropImage_20260127201733495_F3-I0_OK,train,/Users/tongjiarui/Documents/目标检测/已打标的数据202604/user1_2026-03-16_154843_anylabeling/CropImage_20260127201733495_F3-I0_OK-6.json,/Users/tongjiarui/Documents/目标检测/已打标的数据202604/user1_2026-03-16_154843_anylabeling/CropImage_20260127201733495_F3-I0_OK-6.bmp,images/train/NG/CropImage_20260127201733495_F3-I0_OK-6.png
CropImage_20260127201733495_F3-I0_OK-7,NG,CropImage_20260127201733495_F3-I0_OK,train,/Users/tongjiarui/Documents/目标检测/已打标的数据202604/user1_2026-03-16_154843_anylabeling/CropImage_20260127201733495_F3-I0_OK-7.json,/Users/tongjiarui/Documents/目标检测/已打标的数据202604/user1_2026-03-16_154843_anylabeling/CropImage_20260127201733495_F3-I0_OK-7.bmp,images/train/NG/CropImage_20260127201733495_F3-I0_OK-7.png
CropImage_20260127201746583_F3-I0_OK-3,NG,CropImage_20260127201746583_F3-I0_OK,train,/Users/tongjiarui/Documents/目标检测/已打标的数据202604/user1_2026-03-16_154843_anylabeling/CropImage_20260127201746583_F3-I0_OK-3.json,/Users/tongjiarui/Documents/目标检测/已打标的数据202604/user1_2026-03-16_154843_anylabeling/CropImage_20260127201746583_F3-I0_OK-3.bmp,images/train/NG/CropImage_20260127201746583_F3-I0_OK-3.png
CropImage_20260127201746583_F3-I0_OK-4,OK,CropImage_20260127201746583_F3-I0_OK,train,/Users/tongjiarui/Documents/目标检测/已打标的数据202604/user1_2026-03-16_154843_anylabeling/CropImage_20260127201746583_F3-I0_OK-4.json,/Users/tongjiarui/Documents/目标检测/已打标的数据202604/user1_2026-03-16_154843_anylabeling/CropImage_20260127201746583_F3-I0_OK-4.bmp,images/train/OK/CropImage_20260127201746583_F3-I0_OK-4.png
CropImage_20260127201746583_F3-I0_OK-5,NG,CropImage_20260127201746583_F3-I0_OK,train,/Users/tongjiarui/Documents/目标检测/已打标的数据202604/user1_2026-03-16_154843_anylabeling/CropImage_20260127201746583_F3-I0_OK-5.json,/Users/tongjiarui/Documents/目标检测/已打标的数据202604/user1_2026-03-16_154843_anylabeling/CropImage_20260127201746583_F3-I0_OK-5.bmp,images/train/NG/CropImage_20260127201746583_F3-I0_OK-5.png
CropImage_20260127201746583_F3-I0_OK-6,NG,CropImage_20260127201746583_F3-I0_OK,train,/Users/tongjiarui/Documents/目标检测/已打标的数据202604/user1_2026-03-16_154843_anylabeling/CropImage_20260127201746583_F3-I0_OK-6.json,/Users/tongjiarui/Documents/目标检测/已打标的数据202604/user1_2026-03-16_154843_anylabeling/CropImage_20260127201746583_F3-I0_OK-6.bmp,images/train/NG/CropImage_20260127201746583_F3-I0_OK-6.png
CropImage_20260127201746583_F3-I0_OK-7,NG,CropImage_20260127201746583_F3-I0_OK,train,/Users/tongjiarui/Documents/目标检测/已打标的数据202604/user1_2026-03-16_154843_anylabeling/CropImage_20260127201746583_F3-I0_OK-7.json,/Users/tongjiarui/Documents/目标检测/已打标的数据202604/user1_2026-03-16_154843_anylabeling/CropImage_20260127201746583_F3-I0_OK-7.bmp,images/train/NG/CropImage_20260127201746583_F3-I0_OK-7.png
CropImage_20260127201805747_F3-I0_OK-2,OK,CropImage_20260127201805747_F3-I0_OK,train,/Users/tongjiarui/Documents/目标检测/已打标的数据202604/user1_2026-03-16_154843_anylabeling/CropImage_20260127201805747_F3-I0_OK-2.json,/Users/tongjiarui/Documents/目标检测/已打标的数据202604/user1_2026-03-16_154843_anylabeling/CropImage_20260127201805747_F3-I0_OK-2.bmp,images/train/OK/CropImage_20260127201805747_F3-I0_OK-2.png
CropImage_20260127201805747_F3-I0_OK-3,NG,CropImage_20260127201805747_F3-I0_OK,train,/Users/tongjiarui/Documents/目标检测/已打标的数据202604/user1_2026-03-16_154843_anylabeling/CropImage_20260127201805747_F3-I0_OK-3.json,/Users/tongjiarui/Documents/目标检测/已打标的数据202604/user1_2026-03-16_154843_anylabeling/CropImage_20260127201805747_F3-I0_OK-3.bmp,images/train/NG/CropImage_20260127201805747_F3-I0_OK-3.png
CropImage_20260127201805747_F3-I0_OK-4,OK,CropImage_20260127201805747_F3-I0_OK,train,/Users/tongjiarui/Documents/目标检测/已打标的数据202604/user1_2026-03-16_154843_anylabeling/CropImage_20260127201805747_F3-I0_OK-4.json,/Users/tongjiarui/Documents/目标检测/已打标的数据202604/user1_2026-03-16_154843_anylabeling/CropImage_20260127201805747_F3-I0_OK-4.bmp,images/train/OK/CropImage_20260127201805747_F3-I0_OK-4.png
CropImage_20260127201805747_F3-I0_OK-5,NG,CropImage_20260127201805747_F3-I0_OK,train,/Users/tongjiarui/Documents/目标检测/已打标的数据202604/user1_2026-03-16_154843_anylabeling/CropImage_20260127201805747_F3-I0_OK-5.json,/Users/tongjiarui/Documents/目标检测/已打标的数据202604/user1_2026-03-16_154843_anylabeling/CropImage_20260127201805747_F3-I0_OK-5.bmp,images/train/NG/CropImage_20260127201805747_F3-I0_OK-5.png
CropImage_20260127201805747_F3-I0_OK-6,NG,CropImage_20260127201805747_F3-I0_OK,train,/Users/tongjiarui/Documents/目标检测/已打标的数据202604/user1_2026-03-16_154843_anylabeling/CropImage_20260127201805747_F3-I0_OK-6.json,/Users/tongjiarui/Documents/目标检测/已打标的数据202604/user1_2026-03-16_154843_anylabeling/CropImage_20260127201805747_F3-I0_OK-6.bmp,images/train/NG/CropImage_20260127201805747_F3-I0_OK-6.png
CropImage_20260127201805747_F3-I0_OK-7,NG,CropImage_20260127201805747_F3-I0_OK,train,/Users/tongjiarui/Documents/目标检测/已打标的数据202604/user1_2026-03-16_154843_anylabeling/CropImage_20260127201805747_F3-I0_OK-7.json,/Users/tongjiarui/Documents/目标检测/已打标的数据202604/user1_2026-03-16_154843_anylabeling/CropImage_20260127201805747_F3-I0_OK-7.bmp,images/train/NG/CropImage_20260127201805747_F3-I0_OK-7.png
CropImage_20260127222821757_F3-I0_OK-2,OK,CropImage_20260127222821757_F3-I0_OK,train,/Users/tongjiarui/Documents/目标检测/已打标的数据202604/user1_2026-03-16_154843_anylabeling/CropImage_20260127222821757_F3-I0_OK-2.json,/Users/tongjiarui/Documents/目标检测/已打标的数据202604/user1_2026-03-16_154843_anylabeling/CropImage_20260127222821757_F3-I0_OK-2.bmp,images/train/OK/CropImage_20260127222821757_F3-I0_OK-2.png
CropImage_20260127222821757_F3-I0_OK-3,NG,CropImage_20260127222821757_F3-I0_OK,train,/Users/tongjiarui/Documents/目标检测/已打标的数据202604/user1_2026-03-16_154843_anylabeling/CropImage_20260127222821757_F3-I0_OK-3.json,/Users/tongjiarui/Documents/目标检测/已打标的数据202604/user1_2026-03-16_154843_anylabeling/CropImage_20260127222821757_F3-I0_OK-3.bmp,images/train/NG/CropImage_20260127222821757_F3-I0_OK-3.png
CropImage_20260127222821757_F3-I0_OK-4,NG,CropImage_20260127222821757_F3-I0_OK,train,/Users/tongjiarui/Documents/目标检测/已打标的数据202604/user1_2026-03-16_154843_anylabeling/CropImage_20260127222821757_F3-I0_OK-4.json,/Users/tongjiarui/Documents/目标检测/已打标的数据202604/user1_2026-03-16_154843_anylabeling/CropImage_20260127222821757_F3-I0_OK-4.bmp,images/train/NG/CropImage_20260127222821757_F3-I0_OK-4.png
CropImage_20260127222821757_F3-I0_OK-5,NG,CropImage_20260127222821757_F3-I0_OK,train,/Users/tongjiarui/Documents/目标检测/已打标的数据202604/user1_2026-03-16_154843_anylabeling/CropImage_20260127222821757_F3-I0_OK-5.json,/Users/tongjiarui/Documents/目标检测/已打标的数据202604/user1_2026-03-16_154843_anylabeling/CropImage_20260127222821757_F3-I0_OK-5.bmp,images/train/NG/CropImage_20260127222821757_F3-I0_OK-5.png
CropImage_20260127222821757_F3-I0_OK-7,NG,CropImage_20260127222821757_F3-I0_OK,train,/Users/tongjiarui/Documents/目标检测/已打标的数据202604/user1_2026-03-16_154843_anylabeling/CropImage_20260127222821757_F3-I0_OK-7.json,/Users/tongjiarui/Documents/目标检测/已打标的数据202604/user1_2026-03-16_154843_anylabeling/CropImage_20260127222821757_F3-I0_OK-7.bmp,images/train/NG/CropImage_20260127222821757_F3-I0_OK-7.png
CropImage_20260127222842621_F3-I0_OK-2,OK,CropImage_20260127222842621_F3-I0_OK,train,/Users/tongjiarui/Documents/目标检测/已打标的数据202604/user1_2026-03-16_154843_anylabeling/CropImage_20260127222842621_F3-I0_OK-2.json,/Users/tongjiarui/Documents/目标检测/已打标的数据202604/user1_2026-03-16_154843_anylabeling/CropImage_20260127222842621_F3-I0_OK-2.bmp,images/train/OK/CropImage_20260127222842621_F3-I0_OK-2.png
CropImage_20260127222842621_F3-I0_OK-3,NG,CropImage_20260127222842621_F3-I0_OK,train,/Users/tongjiarui/Documents/目标检测/已打标的数据202604/user1_2026-03-16_154843_anylabeling/CropImage_20260127222842621_F3-I0_OK-3.json,/Users/tongjiarui/Documents/目标检测/已打标的数据202604/user1_2026-03-16_154843_anylabeling/CropImage_20260127222842621_F3-I0_OK-3.bmp,images/train/NG/CropImage_20260127222842621_F3-I0_OK-3.png
CropImage_20260127222842621_F3-I0_OK-4,NG,CropImage_20260127222842621_F3-I0_OK,train,/Users/tongjiarui/Documents/目标检测/已打标的数据202604/user1_2026-03-16_154843_anylabeling/CropImage_20260127222842621_F3-I0_OK-4.json,/Users/tongjiarui/Documents/目标检测/已打标的数据202604/user1_2026-03-16_154843_anylabeling/CropImage_20260127222842621_F3-I0_OK-4.bmp,images/train/NG/CropImage_20260127222842621_F3-I0_OK-4.png
CropImage_20260127222842621_F3-I0_OK-5,NG,CropImage_20260127222842621_F3-I0_OK,train,/Users/tongjiarui/Documents/目标检测/已打标的数据202604/user1_2026-03-16_154843_anylabeling/CropImage_20260127222842621_F3-I0_OK-5.json,/Users/tongjiarui/Documents/目标检测/已打标的数据202604/user1_2026-03-16_154843_anylabeling/CropImage_20260127222842621_F3-I0_OK-5.bmp,images/train/NG/CropImage_20260127222842621_F3-I0_OK-5.png
CropImage_20260127222842621_F3-I0_OK-6,NG,CropImage_20260127222842621_F3-I0_OK,train,/Users/tongjiarui/Documents/目标检测/已打标的数据202604/user1_2026-03-16_154843_anylabeling/CropImage_20260127222842621_F3-I0_OK-6.json,/Users/tongjiarui/Documents/目标检测/已打标的数据202604/user1_2026-03-16_154843_anylabeling/CropImage_20260127222842621_F3-I0_OK-6.bmp,images/train/NG/CropImage_20260127222842621_F3-I0_OK-6.png
CropImage_20260127222842621_F3-I0_OK-7,NG,CropImage_20260127222842621_F3-I0_OK,train,/Users/tongjiarui/Documents/目标检测/已打标的数据202604/user1_2026-03-16_154843_anylabeling/CropImage_20260127222842621_F3-I0_OK-7.json,/Users/tongjiarui/Documents/目标检测/已打标的数据202604/user1_2026-03-16_154843_anylabeling/CropImage_20260127222842621_F3-I0_OK-7.bmp,images/train/NG/CropImage_20260127222842621_F3-I0_OK-7.png
CropImage_20260127222959206_F3-I0_OK-2,OK,CropImage_20260127222959206_F3-I0_OK,train,/Users/tongjiarui/Documents/目标检测/已打标的数据202604/user1_2026-03-16_154843_anylabeling/CropImage_20260127222959206_F3-I0_OK-2.json,/Users/tongjiarui/Documents/目标检测/已打标的数据202604/user1_2026-03-16_154843_anylabeling/CropImage_20260127222959206_F3-I0_OK-2.bmp,images/train/OK/CropImage_20260127222959206_F3-I0_OK-2.png
CropImage_20260127222959206_F3-I0_OK-3,NG,CropImage_20260127222959206_F3-I0_OK,train,/Users/tongjiarui/Documents/目标检测/已打标的数据202604/user1_2026-03-16_154843_anylabeling/CropImage_20260127222959206_F3-I0_OK-3.json,/Users/tongjiarui/Documents/目标检测/已打标的数据202604/user1_2026-03-16_154843_anylabeling/CropImage_20260127222959206_F3-I0_OK-3.bmp,images/train/NG/CropImage_20260127222959206_F3-I0_OK-3.png
CropImage_20260127222959206_F3-I0_OK-4,OK,CropImage_20260127222959206_F3-I0_OK,train,/Users/tongjiarui/Documents/目标检测/已打标的数据202604/user1_2026-03-16_154843_anylabeling/CropImage_20260127222959206_F3-I0_OK-4.json,/Users/tongjiarui/Documents/目标检测/已打标的数据202604/user1_2026-03-16_154843_anylabeling/CropImage_20260127222959206_F3-I0_OK-4.bmp,images/train/OK/CropImage_20260127222959206_F3-I0_OK-4.png
CropImage_20260127222959206_F3-I0_OK-5,NG,CropImage_20260127222959206_F3-I0_OK,train,/Users/tongjiarui/Documents/目标检测/已打标的数据202604/user1_2026-03-16_154843_anylabeling/CropImage_20260127222959206_F3-I0_OK-5.json,/Users/tongjiarui/Documents/目标检测/已打标的数据202604/user1_2026-03-16_154843_anylabeling/CropImage_20260127222959206_F3-I0_OK-5.bmp,images/train/NG/CropImage_20260127222959206_F3-I0_OK-5.png
CropImage_20260127222959206_F3-I0_OK-6,NG,CropImage_20260127222959206_F3-I0_OK,train,/Users/tongjiarui/Documents/目标检测/已打标的数据202604/user1_2026-03-16_154843_anylabeling/CropImage_20260127222959206_F3-I0_OK-6.json,/Users/tongjiarui/Documents/目标检测/已打标的数据202604/user1_2026-03-16_154843_anylabeling/CropImage_20260127222959206_F3-I0_OK-6.bmp,images/train/NG/CropImage_20260127222959206_F3-I0_OK-6.png
CropImage_20260127222959206_F3-I0_OK-7,NG,CropImage_20260127222959206_F3-I0_OK,train,/Users/tongjiarui/Documents/目标检测/已打标的数据202604/user1_2026-03-16_154843_anylabeling/CropImage_20260127222959206_F3-I0_OK-7.json,/Users/tongjiarui/Documents/目标检测/已打标的数据202604/user1_2026-03-16_154843_anylabeling/CropImage_20260127222959206_F3-I0_OK-7.bmp,images/train/NG/CropImage_20260127222959206_F3-I0_OK-7.png
CropImage_20260127224222827_F3-I0_OK-2,OK,CropImage_20260127224222827_F3-I0_OK,train,/Users/tongjiarui/Documents/目标检测/已打标的数据202604/user1_2026-03-16_154843_anylabeling/CropImage_20260127224222827_F3-I0_OK-2.json,/Users/tongjiarui/Documents/目标检测/已打标的数据202604/user1_2026-03-16_154843_anylabeling/CropImage_20260127224222827_F3-I0_OK-2.bmp,images/train/OK/CropImage_20260127224222827_F3-I0_OK-2.png
CropImage_20260127224222827_F3-I0_OK-3,NG,CropImage_20260127224222827_F3-I0_OK,train,/Users/tongjiarui/Documents/目标检测/已打标的数据202604/user1_2026-03-16_154843_anylabeling/CropImage_20260127224222827_F3-I0_OK-3.json,/Users/tongjiarui/Documents/目标检测/已打标的数据202604/user1_2026-03-16_154843_anylabeling/CropImage_20260127224222827_F3-I0_OK-3.bmp,images/train/NG/CropImage_20260127224222827_F3-I0_OK-3.png
CropImage_20260127224222827_F3-I0_OK-4,OK,CropImage_20260127224222827_F3-I0_OK,train,/Users/tongjiarui/Documents/目标检测/已打标的数据202604/user1_2026-03-16_154843_anylabeling/CropImage_20260127224222827_F3-I0_OK-4.json,/Users/tongjiarui/Documents/目标检测/已打标的数据202604/user1_2026-03-16_154843_anylabeling/CropImage_20260127224222827_F3-I0_OK-4.bmp,images/train/OK/CropImage_20260127224222827_F3-I0_OK-4.png
CropImage_20260127224222827_F3-I0_OK-5,NG,CropImage_20260127224222827_F3-I0_OK,train,/Users/tongjiarui/Documents/目标检测/已打标的数据202604/user1_2026-03-16_154843_anylabeling/CropImage_20260127224222827_F3-I0_OK-5.json,/Users/tongjiarui/Documents/目标检测/已打标的数据202604/user1_2026-03-16_154843_anylabeling/CropImage_20260127224222827_F3-I0_OK-5.bmp,images/train/NG/CropImage_20260127224222827_F3-I0_OK-5.png
CropImage_20260127224222827_F3-I0_OK-6,OK,CropImage_20260127224222827_F3-I0_OK,train,/Users/tongjiarui/Documents/目标检测/已打标的数据202604/user1_2026-03-16_154843_anylabeling/CropImage_20260127224222827_F3-I0_OK-6.json,/Users/tongjiarui/Documents/目标检测/已打标的数据202604/user1_2026-03-16_154843_anylabeling/CropImage_20260127224222827_F3-I0_OK-6.bmp,images/train/OK/CropImage_20260127224222827_F3-I0_OK-6.png
CropImage_20260127224222827_F3-I0_OK-7,NG,CropImage_20260127224222827_F3-I0_OK,train,/Users/tongjiarui/Documents/目标检测/已打标的数据202604/user1_2026-03-16_154843_anylabeling/CropImage_20260127224222827_F3-I0_OK-7.json,/Users/tongjiarui/Documents/目标检测/已打标的数据202604/user1_2026-03-16_154843_anylabeling/CropImage_20260127224222827_F3-I0_OK-7.bmp,images/train/NG/CropImage_20260127224222827_F3-I0_OK-7.png
CropImage_20260128094047981_F3-I0_OK-2,OK,CropImage_20260128094047981_F3-I0_OK,train,/Users/tongjiarui/Documents/目标检测/已打标的数据202604/user1_2026-03-16_154843_anylabeling/CropImage_20260128094047981_F3-I0_OK-2.json,/Users/tongjiarui/Documents/目标检测/已打标的数据202604/user1_2026-03-16_154843_anylabeling/CropImage_20260128094047981_F3-I0_OK-2.bmp,images/train/OK/CropImage_20260128094047981_F3-I0_OK-2.png
CropImage_20260128094047981_F3-I0_OK-3,NG,CropImage_20260128094047981_F3-I0_OK,train,/Users/tongjiarui/Documents/目标检测/已打标的数据202604/user1_2026-03-16_154843_anylabeling/CropImage_20260128094047981_F3-I0_OK-3.json,/Users/tongjiarui/Documents/目标检测/已打标的数据202604/user1_2026-03-16_154843_anylabeling/CropImage_20260128094047981_F3-I0_OK-3.bmp,images/train/NG/CropImage_20260128094047981_F3-I0_OK-3.png
CropImage_20260128094047981_F3-I0_OK-4,OK,CropImage_20260128094047981_F3-I0_OK,train,/Users/tongjiarui/Documents/目标检测/已打标的数据202604/user1_2026-03-16_154843_anylabeling/CropImage_20260128094047981_F3-I0_OK-4.json,/Users/tongjiarui/Documents/目标检测/已打标的数据202604/user1_2026-03-16_154843_anylabeling/CropImage_20260128094047981_F3-I0_OK-4.bmp,images/train/OK/CropImage_20260128094047981_F3-I0_OK-4.png
CropImage_20260128094047981_F3-I0_OK-5,NG,CropImage_20260128094047981_F3-I0_OK,train,/Users/tongjiarui/Documents/目标检测/已打标的数据202604/user1_2026-03-16_154843_anylabeling/CropImage_20260128094047981_F3-I0_OK-5.json,/Users/tongjiarui/Documents/目标检测/已打标的数据202604/user1_2026-03-16_154843_anylabeling/CropImage_20260128094047981_F3-I0_OK-5.bmp,images/train/NG/CropImage_20260128094047981_F3-I0_OK-5.png
CropImage_20260128094047981_F3-I0_OK-6,NG,CropImage_20260128094047981_F3-I0_OK,train,/Users/tongjiarui/Documents/目标检测/已打标的数据202604/user1_2026-03-16_154843_anylabeling/CropImage_20260128094047981_F3-I0_OK-6.json,/Users/tongjiarui/Documents/目标检测/已打标的数据202604/user1_2026-03-16_154843_anylabeling/CropImage_20260128094047981_F3-I0_OK-6.bmp,images/train/NG/CropImage_20260128094047981_F3-I0_OK-6.png
CropImage_20260128094047981_F3-I0_OK-7,NG,CropImage_20260128094047981_F3-I0_OK,train,/Users/tongjiarui/Documents/目标检测/已打标的数据202604/user1_2026-03-16_154843_anylabeling/CropImage_20260128094047981_F3-I0_OK-7.json,/Users/tongjiarui/Documents/目标检测/已打标的数据202604/user1_2026-03-16_154843_anylabeling/CropImage_20260128094047981_F3-I0_OK-7.bmp,images/train/NG/CropImage_20260128094047981_F3-I0_OK-7.png
CropImage_20260128112915094_F3-I0_NG-2,OK,CropImage_20260128112915094_F3-I0_NG,train,/Users/tongjiarui/Documents/目标检测/已打标的数据202604/user1_2026-03-16_154843_anylabeling/CropImage_20260128112915094_F3-I0_NG-2.json,/Users/tongjiarui/Documents/目标检测/已打标的数据202604/user1_2026-03-16_154843_anylabeling/CropImage_20260128112915094_F3-I0_NG-2.bmp,images/train/OK/CropImage_20260128112915094_F3-I0_NG-2.png
CropImage_20260128112915094_F3-I0_NG-3,NG,CropImage_20260128112915094_F3-I0_NG,train,/Users/tongjiarui/Documents/目标检测/已打标的数据202604/user1_2026-03-16_154843_anylabeling/CropImage_20260128112915094_F3-I0_NG-3.json,/Users/tongjiarui/Documents/目标检测/已打标的数据202604/user1_2026-03-16_154843_anylabeling/CropImage_20260128112915094_F3-I0_NG-3.bmp,images/train/NG/CropImage_20260128112915094_F3-I0_NG-3.png
CropImage_20260128112915094_F3-I0_NG-5,NG,CropImage_20260128112915094_F3-I0_NG,train,/Users/tongjiarui/Documents/目标检测/已打标的数据202604/user1_2026-03-16_154843_anylabeling/CropImage_20260128112915094_F3-I0_NG-5.json,/Users/tongjiarui/Documents/目标检测/已打标的数据202604/user1_2026-03-16_154843_anylabeling/CropImage_20260128112915094_F3-I0_NG-5.bmp,images/train/NG/CropImage_20260128112915094_F3-I0_NG-5.png
CropImage_20260128112915094_F3-I0_NG-6,NG,CropImage_20260128112915094_F3-I0_NG,train,/Users/tongjiarui/Documents/目标检测/已打标的数据202604/user1_2026-03-16_154843_anylabeling/CropImage_20260128112915094_F3-I0_NG-6.json,/Users/tongjiarui/Documents/目标检测/已打标的数据202604/user1_2026-03-16_154843_anylabeling/CropImage_20260128112915094_F3-I0_NG-6.bmp,images/train/NG/CropImage_20260128112915094_F3-I0_NG-6.png
CropImage_20260128112935165_F3-I0_NG-2,OK,CropImage_20260128112935165_F3-I0_NG,train,/Users/tongjiarui/Documents/目标检测/已打标的数据202604/user1_2026-03-16_154843_anylabeling/CropImage_20260128112935165_F3-I0_NG-2.json,/Users/tongjiarui/Documents/目标检测/已打标的数据202604/user1_2026-03-16_154843_anylabeling/CropImage_20260128112935165_F3-I0_NG-2.bmp,images/train/OK/CropImage_20260128112935165_F3-I0_NG-2.png
CropImage_20260128112935165_F3-I0_NG-3,OK,CropImage_20260128112935165_F3-I0_NG,train,/Users/tongjiarui/Documents/目标检测/已打标的数据202604/user1_2026-03-16_154843_anylabeling/CropImage_20260128112935165_F3-I0_NG-3.json,/Users/tongjiarui/Documents/目标检测/已打标的数据202604/user1_2026-03-16_154843_anylabeling/CropImage_20260128112935165_F3-I0_NG-3.bmp,images/train/OK/CropImage_20260128112935165_F3-I0_NG-3.png
CropImage_20260128112935165_F3-I0_NG-4,OK,CropImage_20260128112935165_F3-I0_NG,train,/Users/tongjiarui/Documents/目标检测/已打标的数据202604/user1_2026-03-16_154843_anylabeling/CropImage_20260128112935165_F3-I0_NG-4.json,/Users/tongjiarui/Documents/目标检测/已打标的数据202604/user1_2026-03-16_154843_anylabeling/CropImage_20260128112935165_F3-I0_NG-4.bmp,images/train/OK/CropImage_20260128112935165_F3-I0_NG-4.png
CropImage_20260128112935165_F3-I0_NG-5,NG,CropImage_20260128112935165_F3-I0_NG,train,/Users/tongjiarui/Documents/目标检测/已打标的数据202604/user1_2026-03-16_154843_anylabeling/CropImage_20260128112935165_F3-I0_NG-5.json,/Users/tongjiarui/Documents/目标检测/已打标的数据202604/user1_2026-03-16_154843_anylabeling/CropImage_20260128112935165_F3-I0_NG-5.bmp,images/train/NG/CropImage_20260128112935165_F3-I0_NG-5.png
CropImage_20260128112935165_F3-I0_NG-6,NG,CropImage_20260128112935165_F3-I0_NG,train,/Users/tongjiarui/Documents/目标检测/已打标的数据202604/user1_2026-03-16_154843_anylabeling/CropImage_20260128112935165_F3-I0_NG-6.json,/Users/tongjiarui/Documents/目标检测/已打标的数据202604/user1_2026-03-16_154843_anylabeling/CropImage_20260128112935165_F3-I0_NG-6.bmp,images/train/NG/CropImage_20260128112935165_F3-I0_NG-6.png
CropImage_20260128112935165_F3-I0_NG-7,NG,CropImage_20260128112935165_F3-I0_NG,train,/Users/tongjiarui/Documents/目标检测/已打标的数据202604/user1_2026-03-16_154843_anylabeling/CropImage_20260128112935165_F3-I0_NG-7.json,/Users/tongjiarui/Documents/目标检测/已打标的数据202604/user1_2026-03-16_154843_anylabeling/CropImage_20260128112935165_F3-I0_NG-7.bmp,images/train/NG/CropImage_20260128112935165_F3-I0_NG-7.png
CropImage_20260128113000283_F3-I0_OK-2,OK,CropImage_20260128113000283_F3-I0_OK,train,/Users/tongjiarui/Documents/目标检测/已打标的数据202604/user1_2026-03-16_154843_anylabeling/CropImage_20260128113000283_F3-I0_OK-2.json,/Users/tongjiarui/Documents/目标检测/已打标的数据202604/user1_2026-03-16_154843_anylabeling/CropImage_20260128113000283_F3-I0_OK-2.bmp,images/train/OK/CropImage_20260128113000283_F3-I0_OK-2.png
CropImage_20260128113000283_F3-I0_OK-3,NG,CropImage_20260128113000283_F3-I0_OK,train,/Users/tongjiarui/Documents/目标检测/已打标的数据202604/user1_2026-03-16_154843_anylabeling/CropImage_20260128113000283_F3-I0_OK-3.json,/Users/tongjiarui/Documents/目标检测/已打标的数据202604/user1_2026-03-16_154843_anylabeling/CropImage_20260128113000283_F3-I0_OK-3.bmp,images/train/NG/CropImage_20260128113000283_F3-I0_OK-3.png
CropImage_20260128113000283_F3-I0_OK-4,OK,CropImage_20260128113000283_F3-I0_OK,train,/Users/tongjiarui/Documents/目标检测/已打标的数据202604/user1_2026-03-16_154843_anylabeling/CropImage_20260128113000283_F3-I0_OK-4.json,/Users/tongjiarui/Documents/目标检测/已打标的数据202604/user1_2026-03-16_154843_anylabeling/CropImage_20260128113000283_F3-I0_OK-4.bmp,images/train/OK/CropImage_20260128113000283_F3-I0_OK-4.png
CropImage_20260128113000283_F3-I0_OK-5,NG,CropImage_20260128113000283_F3-I0_OK,train,/Users/tongjiarui/Documents/目标检测/已打标的数据202604/user1_2026-03-16_154843_anylabeling/CropImage_20260128113000283_F3-I0_OK-5.json,/Users/tongjiarui/Documents/目标检测/已打标的数据202604/user1_2026-03-16_154843_anylabeling/CropImage_20260128113000283_F3-I0_OK-5.bmp,images/train/NG/CropImage_20260128113000283_F3-I0_OK-5.png
CropImage_20260128113000283_F3-I0_OK-6,NG,CropImage_20260128113000283_F3-I0_OK,train,/Users/tongjiarui/Documents/目标检测/已打标的数据202604/user1_2026-03-16_154843_anylabeling/CropImage_20260128113000283_F3-I0_OK-6.json,/Users/tongjiarui/Documents/目标检测/已打标的数据202604/user1_2026-03-16_154843_anylabeling/CropImage_20260128113000283_F3-I0_OK-6.bmp,images/train/NG/CropImage_20260128113000283_F3-I0_OK-6.png
CropImage_20260128113000283_F3-I0_OK-7,NG,CropImage_20260128113000283_F3-I0_OK,train,/Users/tongjiarui/Documents/目标检测/已打标的数据202604/user1_2026-03-16_154843_anylabeling/CropImage_20260128113000283_F3-I0_OK-7.json,/Users/tongjiarui/Documents/目标检测/已打标的数据202604/user1_2026-03-16_154843_anylabeling/CropImage_20260128113000283_F3-I0_OK-7.bmp,images/train/NG/CropImage_20260128113000283_F3-I0_OK-7.png
CropImage_20260128140200491_F3-I0_OK-2,OK,CropImage_20260128140200491_F3-I0_OK,train,/Users/tongjiarui/Documents/目标检测/已打标的数据202604/user1_2026-03-16_154843_anylabeling/CropImage_20260128140200491_F3-I0_OK-2.json,/Users/tongjiarui/Documents/目标检测/已打标的数据202604/user1_2026-03-16_154843_anylabeling/CropImage_20260128140200491_F3-I0_OK-2.bmp,images/train/OK/CropImage_20260128140200491_F3-I0_OK-2.png
CropImage_20260128140200491_F3-I0_OK-3,NG,CropImage_20260128140200491_F3-I0_OK,train,/Users/tongjiarui/Documents/目标检测/已打标的数据202604/user1_2026-03-16_154843_anylabeling/CropImage_20260128140200491_F3-I0_OK-3.json,/Users/tongjiarui/Documents/目标检测/已打标的数据202604/user1_2026-03-16_154843_anylabeling/CropImage_20260128140200491_F3-I0_OK-3.bmp,images/train/NG/CropImage_20260128140200491_F3-I0_OK-3.png
CropImage_20260128140200491_F3-I0_OK-4,OK,CropImage_20260128140200491_F3-I0_OK,train,/Users/tongjiarui/Documents/目标检测/已打标的数据202604/user1_2026-03-16_154843_anylabeling/CropImage_20260128140200491_F3-I0_OK-4.json,/Users/tongjiarui/Documents/目标检测/已打标的数据202604/user1_2026-03-16_154843_anylabeling/CropImage_20260128140200491_F3-I0_OK-4.bmp,images/train/OK/CropImage_20260128140200491_F3-I0_OK-4.png
CropImage_20260128140200491_F3-I0_OK-5,NG,CropImage_20260128140200491_F3-I0_OK,train,/Users/tongjiarui/Documents/目标检测/已打标的数据202604/user1_2026-03-16_154843_anylabeling/CropImage_20260128140200491_F3-I0_OK-5.json,/Users/tongjiarui/Documents/目标检测/已打标的数据202604/user1_2026-03-16_154843_anylabeling/CropImage_20260128140200491_F3-I0_OK-5.bmp,images/train/NG/CropImage_20260128140200491_F3-I0_OK-5.png
CropImage_20260128140200491_F3-I0_OK-6,NG,CropImage_20260128140200491_F3-I0_OK,train,/Users/tongjiarui/Documents/目标检测/已打标的数据202604/user1_2026-03-16_154843_anylabeling/CropImage_20260128140200491_F3-I0_OK-6.json,/Users/tongjiarui/Documents/目标检测/已打标的数据202604/user1_2026-03-16_154843_anylabeling/CropImage_20260128140200491_F3-I0_OK-6.bmp,images/train/NG/CropImage_20260128140200491_F3-I0_OK-6.png
CropImage_20260128140200491_F3-I0_OK-7,OK,CropImage_20260128140200491_F3-I0_OK,train,/Users/tongjiarui/Documents/目标检测/已打标的数据202604/user1_2026-03-16_154843_anylabeling/CropImage_20260128140200491_F3-I0_OK-7.json,/Users/tongjiarui/Documents/目标检测/已打标的数据202604/user1_2026-03-16_154843_anylabeling/CropImage_20260128140200491_F3-I0_OK-7.bmp,images/train/OK/CropImage_20260128140200491_F3-I0_OK-7.png
CropImage_20260128140213583_F3-I0_OK-2,OK,CropImage_20260128140213583_F3-I0_OK,train,/Users/tongjiarui/Documents/目标检测/已打标的数据202604/user1_2026-03-16_154843_anylabeling/CropImage_20260128140213583_F3-I0_OK-2.json,/Users/tongjiarui/Documents/目标检测/已打标的数据202604/user1_2026-03-16_154843_anylabeling/CropImage_20260128140213583_F3-I0_OK-2.bmp,images/train/OK/CropImage_20260128140213583_F3-I0_OK-2.png
CropImage_20260128140213583_F3-I0_OK-3,OK,CropImage_20260128140213583_F3-I0_OK,train,/Users/tongjiarui/Documents/目标检测/已打标的数据202604/user1_2026-03-16_154843_anylabeling/CropImage_20260128140213583_F3-I0_OK-3.json,/Users/tongjiarui/Documents/目标检测/已打标的数据202604/user1_2026-03-16_154843_anylabeling/CropImage_20260128140213583_F3-I0_OK-3.bmp,images/train/OK/CropImage_20260128140213583_F3-I0_OK-3.png
CropImage_20260128140213583_F3-I0_OK-4,OK,CropImage_20260128140213583_F3-I0_OK,train,/Users/tongjiarui/Documents/目标检测/已打标的数据202604/user1_2026-03-16_154843_anylabeling/CropImage_20260128140213583_F3-I0_OK-4.json,/Users/tongjiarui/Documents/目标检测/已打标的数据202604/user1_2026-03-16_154843_anylabeling/CropImage_20260128140213583_F3-I0_OK-4.bmp,images/train/OK/CropImage_20260128140213583_F3-I0_OK-4.png
CropImage_20260128140213583_F3-I0_OK-5,NG,CropImage_20260128140213583_F3-I0_OK,train,/Users/tongjiarui/Documents/目标检测/已打标的数据202604/user1_2026-03-16_154843_anylabeling/CropImage_20260128140213583_F3-I0_OK-5.json,/Users/tongjiarui/Documents/目标检测/已打标的数据202604/user1_2026-03-16_154843_anylabeling/CropImage_20260128140213583_F3-I0_OK-5.bmp,images/train/NG/CropImage_20260128140213583_F3-I0_OK-5.png
CropImage_20260128140213583_F3-I0_OK-6,NG,CropImage_20260128140213583_F3-I0_OK,train,/Users/tongjiarui/Documents/目标检测/已打标的数据202604/user1_2026-03-16_154843_anylabeling/CropImage_20260128140213583_F3-I0_OK-6.json,/Users/tongjiarui/Documents/目标检测/已打标的数据202604/user1_2026-03-16_154843_anylabeling/CropImage_20260128140213583_F3-I0_OK-6.bmp,images/train/NG/CropImage_20260128140213583_F3-I0_OK-6.png
CropImage_20260128140213583_F3-I0_OK-7,NG,CropImage_20260128140213583_F3-I0_OK,train,/Users/tongjiarui/Documents/目标检测/已打标的数据202604/user1_2026-03-16_154843_anylabeling/CropImage_20260128140213583_F3-I0_OK-7.json,/Users/tongjiarui/Documents/目标检测/已打标的数据202604/user1_2026-03-16_154843_anylabeling/CropImage_20260128140213583_F3-I0_OK-7.bmp,images/train/NG/CropImage_20260128140213583_F3-I0_OK-7.png
CropImage_20260128140354486_F3-I0_OK-2,OK,CropImage_20260128140354486_F3-I0_OK,train,/Users/tongjiarui/Documents/目标检测/已打标的数据202604/user1_2026-03-16_154843_anylabeling/CropImage_20260128140354486_F3-I0_OK-2.json,/Users/tongjiarui/Documents/目标检测/已打标的数据202604/user1_2026-03-16_154843_anylabeling/CropImage_20260128140354486_F3-I0_OK-2.bmp,images/train/OK/CropImage_20260128140354486_F3-I0_OK-2.png
CropImage_20260128140354486_F3-I0_OK-3,NG,CropImage_20260128140354486_F3-I0_OK,train,/Users/tongjiarui/Documents/目标检测/已打标的数据202604/user1_2026-03-16_154843_anylabeling/CropImage_20260128140354486_F3-I0_OK-3.json,/Users/tongjiarui/Documents/目标检测/已打标的数据202604/user1_2026-03-16_154843_anylabeling/CropImage_20260128140354486_F3-I0_OK-3.bmp,images/train/NG/CropImage_20260128140354486_F3-I0_OK-3.png
CropImage_20260128140354486_F3-I0_OK-4,OK,CropImage_20260128140354486_F3-I0_OK,train,/Users/tongjiarui/Documents/目标检测/已打标的数据202604/user1_2026-03-16_154843_anylabeling/CropImage_20260128140354486_F3-I0_OK-4.json,/Users/tongjiarui/Documents/目标检测/已打标的数据202604/user1_2026-03-16_154843_anylabeling/CropImage_20260128140354486_F3-I0_OK-4.bmp,images/train/OK/CropImage_20260128140354486_F3-I0_OK-4.png
CropImage_20260128140354486_F3-I0_OK-5,OK,CropImage_20260128140354486_F3-I0_OK,train,/Users/tongjiarui/Documents/目标检测/已打标的数据202604/user1_2026-03-16_154843_anylabeling/CropImage_20260128140354486_F3-I0_OK-5.json,/Users/tongjiarui/Documents/目标检测/已打标的数据202604/user1_2026-03-16_154843_anylabeling/CropImage_20260128140354486_F3-I0_OK-5.bmp,images/train/OK/CropImage_20260128140354486_F3-I0_OK-5.png
CropImage_20260128140354486_F3-I0_OK-6,NG,CropImage_20260128140354486_F3-I0_OK,train,/Users/tongjiarui/Documents/目标检测/已打标的数据202604/user1_2026-03-16_154843_anylabeling/CropImage_20260128140354486_F3-I0_OK-6.json,/Users/tongjiarui/Documents/目标检测/已打标的数据202604/user1_2026-03-16_154843_anylabeling/CropImage_20260128140354486_F3-I0_OK-6.bmp,images/train/NG/CropImage_20260128140354486_F3-I0_OK-6.png
CropImage_20260128140354486_F3-I0_OK-7,NG,CropImage_20260128140354486_F3-I0_OK,train,/Users/tongjiarui/Documents/目标检测/已打标的数据202604/user1_2026-03-16_154843_anylabeling/CropImage_20260128140354486_F3-I0_OK-7.json,/Users/tongjiarui/Documents/目标检测/已打标的数据202604/user1_2026-03-16_154843_anylabeling/CropImage_20260128140354486_F3-I0_OK-7.bmp,images/train/NG/CropImage_20260128140354486_F3-I0_OK-7.png
CropImage_20260128140934512_F3-I0_OK-2,OK,CropImage_20260128140934512_F3-I0_OK,train,/Users/tongjiarui/Documents/目标检测/已打标的数据202604/user1_2026-03-16_154843_anylabeling/CropImage_20260128140934512_F3-I0_OK-2.json,/Users/tongjiarui/Documents/目标检测/已打标的数据202604/user1_2026-03-16_154843_anylabeling/CropImage_20260128140934512_F3-I0_OK-2.bmp,images/train/OK/CropImage_20260128140934512_F3-I0_OK-2.png
CropImage_20260128140934512_F3-I0_OK-3,NG,CropImage_20260128140934512_F3-I0_OK,train,/Users/tongjiarui/Documents/目标检测/已打标的数据202604/user1_2026-03-16_154843_anylabeling/CropImage_20260128140934512_F3-I0_OK-3.json,/Users/tongjiarui/Documents/目标检测/已打标的数据202604/user1_2026-03-16_154843_anylabeling/CropImage_20260128140934512_F3-I0_OK-3.bmp,images/train/NG/CropImage_20260128140934512_F3-I0_OK-3.png
CropImage_20260128140934512_F3-I0_OK-4,OK,CropImage_20260128140934512_F3-I0_OK,train,/Users/tongjiarui/Documents/目标检测/已打标的数据202604/user1_2026-03-16_154843_anylabeling/CropImage_20260128140934512_F3-I0_OK-4.json,/Users/tongjiarui/Documents/目标检测/已打标的数据202604/user1_2026-03-16_154843_anylabeling/CropImage_20260128140934512_F3-I0_OK-4.bmp,images/train/OK/CropImage_20260128140934512_F3-I0_OK-4.png
CropImage_20260128140934512_F3-I0_OK-5,OK,CropImage_20260128140934512_F3-I0_OK,train,/Users/tongjiarui/Documents/目标检测/已打标的数据202604/user1_2026-03-16_154843_anylabeling/CropImage_20260128140934512_F3-I0_OK-5.json,/Users/tongjiarui/Documents/目标检测/已打标的数据202604/user1_2026-03-16_154843_anylabeling/CropImage_20260128140934512_F3-I0_OK-5.bmp,images/train/OK/CropImage_20260128140934512_F3-I0_OK-5.png
CropImage_20260128140934512_F3-I0_OK-6,NG,CropImage_20260128140934512_F3-I0_OK,train,/Users/tongjiarui/Documents/目标检测/已打标的数据202604/user1_2026-03-16_154843_anylabeling/CropImage_20260128140934512_F3-I0_OK-6.json,/Users/tongjiarui/Documents/目标检测/已打标的数据202604/user1_2026-03-16_154843_anylabeling/CropImage_20260128140934512_F3-I0_OK-6.bmp,images/train/NG/CropImage_20260128140934512_F3-I0_OK-6.png
CropImage_20260128140934512_F3-I0_OK-7,NG,CropImage_20260128140934512_F3-I0_OK,train,/Users/tongjiarui/Documents/目标检测/已打标的数据202604/user1_2026-03-16_154843_anylabeling/CropImage_20260128140934512_F3-I0_OK-7.json,/Users/tongjiarui/Documents/目标检测/已打标的数据202604/user1_2026-03-16_154843_anylabeling/CropImage_20260128140934512_F3-I0_OK-7.bmp,images/train/NG/CropImage_20260128140934512_F3-I0_OK-7.png
CropImage_20260128141009821_F3-I0_OK-2,OK,CropImage_20260128141009821_F3-I0_OK,train,/Users/tongjiarui/Documents/目标检测/已打标的数据202604/user1_2026-03-16_154843_anylabeling/CropImage_20260128141009821_F3-I0_OK-2.json,/Users/tongjiarui/Documents/目标检测/已打标的数据202604/user1_2026-03-16_154843_anylabeling/CropImage_20260128141009821_F3-I0_OK-2.bmp,images/train/OK/CropImage_20260128141009821_F3-I0_OK-2.png
CropImage_20260128141009821_F3-I0_OK-3,NG,CropImage_20260128141009821_F3-I0_OK,train,/Users/tongjiarui/Documents/目标检测/已打标的数据202604/user1_2026-03-16_154843_anylabeling/CropImage_20260128141009821_F3-I0_OK-3.json,/Users/tongjiarui/Documents/目标检测/已打标的数据202604/user1_2026-03-16_154843_anylabeling/CropImage_20260128141009821_F3-I0_OK-3.bmp,images/train/NG/CropImage_20260128141009821_F3-I0_OK-3.png
CropImage_20260128141009821_F3-I0_OK-4,OK,CropImage_20260128141009821_F3-I0_OK,train,/Users/tongjiarui/Documents/目标检测/已打标的数据202604/user1_2026-03-16_154843_anylabeling/CropImage_20260128141009821_F3-I0_OK-4.json,/Users/tongjiarui/Documents/目标检测/已打标的数据202604/user1_2026-03-16_154843_anylabeling/CropImage_20260128141009821_F3-I0_OK-4.bmp,images/train/OK/CropImage_20260128141009821_F3-I0_OK-4.png
CropImage_20260128141009821_F3-I0_OK-5,NG,CropImage_20260128141009821_F3-I0_OK,train,/Users/tongjiarui/Documents/目标检测/已打标的数据202604/user1_2026-03-16_154843_anylabeling/CropImage_20260128141009821_F3-I0_OK-5.json,/Users/tongjiarui/Documents/目标检测/已打标的数据202604/user1_2026-03-16_154843_anylabeling/CropImage_20260128141009821_F3-I0_OK-5.bmp,images/train/NG/CropImage_20260128141009821_F3-I0_OK-5.png
CropImage_20260128141009821_F3-I0_OK-6,NG,CropImage_20260128141009821_F3-I0_OK,train,/Users/tongjiarui/Documents/目标检测/已打标的数据202604/user1_2026-03-16_154843_anylabeling/CropImage_20260128141009821_F3-I0_OK-6.json,/Users/tongjiarui/Documents/目标检测/已打标的数据202604/user1_2026-03-16_154843_anylabeling/CropImage_20260128141009821_F3-I0_OK-6.bmp,images/train/NG/CropImage_20260128141009821_F3-I0_OK-6.png
CropImage_20260128141009821_F3-I0_OK-7,NG,CropImage_20260128141009821_F3-I0_OK,train,/Users/tongjiarui/Documents/目标检测/已打标的数据202604/user1_2026-03-16_154843_anylabeling/CropImage_20260128141009821_F3-I0_OK-7.json,/Users/tongjiarui/Documents/目标检测/已打标的数据202604/user1_2026-03-16_154843_anylabeling/CropImage_20260128141009821_F3-I0_OK-7.bmp,images/train/NG/CropImage_20260128141009821_F3-I0_OK-7.png
CropImage_20260128141533910_F3-I0_OK-2,OK,CropImage_20260128141533910_F3-I0_OK,train,/Users/tongjiarui/Documents/目标检测/已打标的数据202604/user1_2026-03-16_154843_anylabeling/CropImage_20260128141533910_F3-I0_OK-2.json,/Users/tongjiarui/Documents/目标检测/已打标的数据202604/user1_2026-03-16_154843_anylabeling/CropImage_20260128141533910_F3-I0_OK-2.bmp,images/train/OK/CropImage_20260128141533910_F3-I0_OK-2.png
CropImage_20260128141533910_F3-I0_OK-3,NG,CropImage_20260128141533910_F3-I0_OK,train,/Users/tongjiarui/Documents/目标检测/已打标的数据202604/user1_2026-03-16_154843_anylabeling/CropImage_20260128141533910_F3-I0_OK-3.json,/Users/tongjiarui/Documents/目标检测/已打标的数据202604/user1_2026-03-16_154843_anylabeling/CropImage_20260128141533910_F3-I0_OK-3.bmp,images/train/NG/CropImage_20260128141533910_F3-I0_OK-3.png
CropImage_20260128141533910_F3-I0_OK-4,OK,CropImage_20260128141533910_F3-I0_OK,train,/Users/tongjiarui/Documents/目标检测/已打标的数据202604/user1_2026-03-16_154843_anylabeling/CropImage_20260128141533910_F3-I0_OK-4.json,/Users/tongjiarui/Documents/目标检测/已打标的数据202604/user1_2026-03-16_154843_anylabeling/CropImage_20260128141533910_F3-I0_OK-4.bmp,images/train/OK/CropImage_20260128141533910_F3-I0_OK-4.png
CropImage_20260128141533910_F3-I0_OK-5,NG,CropImage_20260128141533910_F3-I0_OK,train,/Users/tongjiarui/Documents/目标检测/已打标的数据202604/user1_2026-03-16_154843_anylabeling/CropImage_20260128141533910_F3-I0_OK-5.json,/Users/tongjiarui/Documents/目标检测/已打标的数据202604/user1_2026-03-16_154843_anylabeling/CropImage_20260128141533910_F3-I0_OK-5.bmp,images/train/NG/CropImage_20260128141533910_F3-I0_OK-5.png
CropImage_20260128141533910_F3-I0_OK-6,NG,CropImage_20260128141533910_F3-I0_OK,train,/Users/tongjiarui/Documents/目标检测/已打标的数据202604/user1_2026-03-16_154843_anylabeling/CropImage_20260128141533910_F3-I0_OK-6.json,/Users/tongjiarui/Documents/目标检测/已打标的数据202604/user1_2026-03-16_154843_anylabeling/CropImage_20260128141533910_F3-I0_OK-6.bmp,images/train/NG/CropImage_20260128141533910_F3-I0_OK-6.png
CropImage_20260128141533910_F3-I0_OK-7,NG,CropImage_20260128141533910_F3-I0_OK,train,/Users/tongjiarui/Documents/目标检测/已打标的数据202604/user1_2026-03-16_154843_anylabeling/CropImage_20260128141533910_F3-I0_OK-7.json,/Users/tongjiarui/Documents/目标检测/已打标的数据202604/user1_2026-03-16_154843_anylabeling/CropImage_20260128141533910_F3-I0_OK-7.bmp,images/train/NG/CropImage_20260128141533910_F3-I0_OK-7.png
CropImage_20260128202932470_F3-I0_OK-2,OK,CropImage_20260128202932470_F3-I0_OK,train,/Users/tongjiarui/Documents/目标检测/已打标的数据202604/user1_2026-03-16_154843_anylabeling/CropImage_20260128202932470_F3-I0_OK-2.json,/Users/tongjiarui/Documents/目标检测/已打标的数据202604/user1_2026-03-16_154843_anylabeling/CropImage_20260128202932470_F3-I0_OK-2.bmp,images/train/OK/CropImage_20260128202932470_F3-I0_OK-2.png
CropImage_20260128202932470_F3-I0_OK-3,OK,CropImage_20260128202932470_F3-I0_OK,train,/Users/tongjiarui/Documents/目标检测/已打标的数据202604/user1_2026-03-16_154843_anylabeling/CropImage_20260128202932470_F3-I0_OK-3.json,/Users/tongjiarui/Documents/目标检测/已打标的数据202604/user1_2026-03-16_154843_anylabeling/CropImage_20260128202932470_F3-I0_OK-3.bmp,images/train/OK/CropImage_20260128202932470_F3-I0_OK-3.png
CropImage_20260128202932470_F3-I0_OK-4,OK,CropImage_20260128202932470_F3-I0_OK,train,/Users/tongjiarui/Documents/目标检测/已打标的数据202604/user1_2026-03-16_154843_anylabeling/CropImage_20260128202932470_F3-I0_OK-4.json,/Users/tongjiarui/Documents/目标检测/已打标的数据202604/user1_2026-03-16_154843_anylabeling/CropImage_20260128202932470_F3-I0_OK-4.bmp,images/train/OK/CropImage_20260128202932470_F3-I0_OK-4.png
CropImage_20260128202932470_F3-I0_OK-5,OK,CropImage_20260128202932470_F3-I0_OK,train,/Users/tongjiarui/Documents/目标检测/已打标的数据202604/user1_2026-03-16_154843_anylabeling/CropImage_20260128202932470_F3-I0_OK-5.json,/Users/tongjiarui/Documents/目标检测/已打标的数据202604/user1_2026-03-16_154843_anylabeling/CropImage_20260128202932470_F3-I0_OK-5.bmp,images/train/OK/CropImage_20260128202932470_F3-I0_OK-5.png
CropImage_20260128202932470_F3-I0_OK-6,NG,CropImage_20260128202932470_F3-I0_OK,train,/Users/tongjiarui/Documents/目标检测/已打标的数据202604/user1_2026-03-16_154843_anylabeling/CropImage_20260128202932470_F3-I0_OK-6.json,/Users/tongjiarui/Documents/目标检测/已打标的数据202604/user1_2026-03-16_154843_anylabeling/CropImage_20260128202932470_F3-I0_OK-6.bmp,images/train/NG/CropImage_20260128202932470_F3-I0_OK-6.png
CropImage_20260128202932470_F3-I0_OK-7,NG,CropImage_20260128202932470_F3-I0_OK,train,/Users/tongjiarui/Documents/目标检测/已打标的数据202604/user1_2026-03-16_154843_anylabeling/CropImage_20260128202932470_F3-I0_OK-7.json,/Users/tongjiarui/Documents/目标检测/已打标的数据202604/user1_2026-03-16_154843_anylabeling/CropImage_20260128202932470_F3-I0_OK-7.bmp,images/train/NG/CropImage_20260128202932470_F3-I0_OK-7.png
CropImage_20260128202938683_F3-I0_OK-2,OK,CropImage_20260128202938683_F3-I0_OK,train,/Users/tongjiarui/Documents/目标检测/已打标的数据202604/user1_2026-03-16_154843_anylabeling/CropImage_20260128202938683_F3-I0_OK-2.json,/Users/tongjiarui/Documents/目标检测/已打标的数据202604/user1_2026-03-16_154843_anylabeling/CropImage_20260128202938683_F3-I0_OK-2.bmp,images/train/OK/CropImage_20260128202938683_F3-I0_OK-2.png
CropImage_20260128202938683_F3-I0_OK-3,OK,CropImage_20260128202938683_F3-I0_OK,train,/Users/tongjiarui/Documents/目标检测/已打标的数据202604/user1_2026-03-16_154843_anylabeling/CropImage_20260128202938683_F3-I0_OK-3.json,/Users/tongjiarui/Documents/目标检测/已打标的数据202604/user1_2026-03-16_154843_anylabeling/CropImage_20260128202938683_F3-I0_OK-3.bmp,images/train/OK/CropImage_20260128202938683_F3-I0_OK-3.png
CropImage_20260128202938683_F3-I0_OK-4,OK,CropImage_20260128202938683_F3-I0_OK,train,/Users/tongjiarui/Documents/目标检测/已打标的数据202604/user1_2026-03-16_154843_anylabeling/CropImage_20260128202938683_F3-I0_OK-4.json,/Users/tongjiarui/Documents/目标检测/已打标的数据202604/user1_2026-03-16_154843_anylabeling/CropImage_20260128202938683_F3-I0_OK-4.bmp,images/train/OK/CropImage_20260128202938683_F3-I0_OK-4.png
CropImage_20260128202938683_F3-I0_OK-5,OK,CropImage_20260128202938683_F3-I0_OK,train,/Users/tongjiarui/Documents/目标检测/已打标的数据202604/user1_2026-03-16_154843_anylabeling/CropImage_20260128202938683_F3-I0_OK-5.json,/Users/tongjiarui/Documents/目标检测/已打标的数据202604/user1_2026-03-16_154843_anylabeling/CropImage_20260128202938683_F3-I0_OK-5.bmp,images/train/OK/CropImage_20260128202938683_F3-I0_OK-5.png
CropImage_20260128202938683_F3-I0_OK-6,OK,CropImage_20260128202938683_F3-I0_OK,train,/Users/tongjiarui/Documents/目标检测/已打标的数据202604/user1_2026-03-16_154843_anylabeling/CropImage_20260128202938683_F3-I0_OK-6.json,/Users/tongjiarui/Documents/目标检测/已打标的数据202604/user1_2026-03-16_154843_anylabeling/CropImage_20260128202938683_F3-I0_OK-6.bmp,images/train/OK/CropImage_20260128202938683_F3-I0_OK-6.png
CropImage_20260128202938683_F3-I0_OK-7,NG,CropImage_20260128202938683_F3-I0_OK,train,/Users/tongjiarui/Documents/目标检测/已打标的数据202604/user1_2026-03-16_154843_anylabeling/CropImage_20260128202938683_F3-I0_OK-7.json,/Users/tongjiarui/Documents/目标检测/已打标的数据202604/user1_2026-03-16_154843_anylabeling/CropImage_20260128202938683_F3-I0_OK-7.bmp,images/train/NG/CropImage_20260128202938683_F3-I0_OK-7.png
CropImage_20260126092714769_F3-I0_OK-2,OK,CropImage_20260126092714769_F3-I0_OK,test,/Users/tongjiarui/Documents/目标检测/已打标的数据202604/user1_2026-03-16_154843_anylabeling/CropImage_20260126092714769_F3-I0_OK-2.json,/Users/tongjiarui/Documents/目标检测/已打标的数据202604/user1_2026-03-16_154843_anylabeling/CropImage_20260126092714769_F3-I0_OK-2.bmp,images/test/OK/CropImage_20260126092714769_F3-I0_OK-2.png
CropImage_20260126092714769_F3-I0_OK-3,NG,CropImage_20260126092714769_F3-I0_OK,test,/Users/tongjiarui/Documents/目标检测/已打标的数据202604/user1_2026-03-16_154843_anylabeling/CropImage_20260126092714769_F3-I0_OK-3.json,/Users/tongjiarui/Documents/目标检测/已打标的数据202604/user1_2026-03-16_154843_anylabeling/CropImage_20260126092714769_F3-I0_OK-3.bmp,images/test/NG/CropImage_20260126092714769_F3-I0_OK-3.png
CropImage_20260126092714769_F3-I0_OK-4,OK,CropImage_20260126092714769_F3-I0_OK,test,/Users/tongjiarui/Documents/目标检测/已打标的数据202604/user1_2026-03-16_154843_anylabeling/CropImage_20260126092714769_F3-I0_OK-4.json,/Users/tongjiarui/Documents/目标检测/已打标的数据202604/user1_2026-03-16_154843_anylabeling/CropImage_20260126092714769_F3-I0_OK-4.bmp,images/test/OK/CropImage_20260126092714769_F3-I0_OK-4.png
CropImage_20260126092714769_F3-I0_OK-5,NG,CropImage_20260126092714769_F3-I0_OK,test,/Users/tongjiarui/Documents/目标检测/已打标的数据202604/user1_2026-03-16_154843_anylabeling/CropImage_20260126092714769_F3-I0_OK-5.json,/Users/tongjiarui/Documents/目标检测/已打标的数据202604/user1_2026-03-16_154843_anylabeling/CropImage_20260126092714769_F3-I0_OK-5.bmp,images/test/NG/CropImage_20260126092714769_F3-I0_OK-5.png
CropImage_20260126092714769_F3-I0_OK-6,NG,CropImage_20260126092714769_F3-I0_OK,test,/Users/tongjiarui/Documents/目标检测/已打标的数据202604/user1_2026-03-16_154843_anylabeling/CropImage_20260126092714769_F3-I0_OK-6.json,/Users/tongjiarui/Documents/目标检测/已打标的数据202604/user1_2026-03-16_154843_anylabeling/CropImage_20260126092714769_F3-I0_OK-6.bmp,images/test/NG/CropImage_20260126092714769_F3-I0_OK-6.png
CropImage_20260126092714769_F3-I0_OK-7,NG,CropImage_20260126092714769_F3-I0_OK,test,/Users/tongjiarui/Documents/目标检测/已打标的数据202604/user1_2026-03-16_154843_anylabeling/CropImage_20260126092714769_F3-I0_OK-7.json,/Users/tongjiarui/Documents/目标检测/已打标的数据202604/user1_2026-03-16_154843_anylabeling/CropImage_20260126092714769_F3-I0_OK-7.bmp,images/test/NG/CropImage_20260126092714769_F3-I0_OK-7.png
CropImage_20260127105947815_F3-I0_OK-2,OK,CropImage_20260127105947815_F3-I0_OK,test,/Users/tongjiarui/Documents/目标检测/已打标的数据202604/user1_2026-03-16_154843_anylabeling/CropImage_20260127105947815_F3-I0_OK-2.json,/Users/tongjiarui/Documents/目标检测/已打标的数据202604/user1_2026-03-16_154843_anylabeling/CropImage_20260127105947815_F3-I0_OK-2.bmp,images/test/OK/CropImage_20260127105947815_F3-I0_OK-2.png
CropImage_20260127105947815_F3-I0_OK-3,NG,CropImage_20260127105947815_F3-I0_OK,test,/Users/tongjiarui/Documents/目标检测/已打标的数据202604/user1_2026-03-16_154843_anylabeling/CropImage_20260127105947815_F3-I0_OK-3.json,/Users/tongjiarui/Documents/目标检测/已打标的数据202604/user1_2026-03-16_154843_anylabeling/CropImage_20260127105947815_F3-I0_OK-3.bmp,images/test/NG/CropImage_20260127105947815_F3-I0_OK-3.png
CropImage_20260127105947815_F3-I0_OK-4,OK,CropImage_20260127105947815_F3-I0_OK,test,/Users/tongjiarui/Documents/目标检测/已打标的数据202604/user1_2026-03-16_154843_anylabeling/CropImage_20260127105947815_F3-I0_OK-4.json,/Users/tongjiarui/Documents/目标检测/已打标的数据202604/user1_2026-03-16_154843_anylabeling/CropImage_20260127105947815_F3-I0_OK-4.bmp,images/test/OK/CropImage_20260127105947815_F3-I0_OK-4.png
CropImage_20260127105947815_F3-I0_OK-6,NG,CropImage_20260127105947815_F3-I0_OK,test,/Users/tongjiarui/Documents/目标检测/已打标的数据202604/user1_2026-03-16_154843_anylabeling/CropImage_20260127105947815_F3-I0_OK-6.json,/Users/tongjiarui/Documents/目标检测/已打标的数据202604/user1_2026-03-16_154843_anylabeling/CropImage_20260127105947815_F3-I0_OK-6.bmp,images/test/NG/CropImage_20260127105947815_F3-I0_OK-6.png
CropImage_20260127105947815_F3-I0_OK-7,NG,CropImage_20260127105947815_F3-I0_OK,test,/Users/tongjiarui/Documents/目标检测/已打标的数据202604/user1_2026-03-16_154843_anylabeling/CropImage_20260127105947815_F3-I0_OK-7.json,/Users/tongjiarui/Documents/目标检测/已打标的数据202604/user1_2026-03-16_154843_anylabeling/CropImage_20260127105947815_F3-I0_OK-7.bmp,images/test/NG/CropImage_20260127105947815_F3-I0_OK-7.png
CropImage_20260127110311302_F3-I0_OK-2,OK,CropImage_20260127110311302_F3-I0_OK,test,/Users/tongjiarui/Documents/目标检测/已打标的数据202604/user1_2026-03-16_154843_anylabeling/CropImage_20260127110311302_F3-I0_OK-2.json,/Users/tongjiarui/Documents/目标检测/已打标的数据202604/user1_2026-03-16_154843_anylabeling/CropImage_20260127110311302_F3-I0_OK-2.bmp,images/test/OK/CropImage_20260127110311302_F3-I0_OK-2.png
CropImage_20260127110311302_F3-I0_OK-3,NG,CropImage_20260127110311302_F3-I0_OK,test,/Users/tongjiarui/Documents/目标检测/已打标的数据202604/user1_2026-03-16_154843_anylabeling/CropImage_20260127110311302_F3-I0_OK-3.json,/Users/tongjiarui/Documents/目标检测/已打标的数据202604/user1_2026-03-16_154843_anylabeling/CropImage_20260127110311302_F3-I0_OK-3.bmp,images/test/NG/CropImage_20260127110311302_F3-I0_OK-3.png
CropImage_20260127110311302_F3-I0_OK-4,OK,CropImage_20260127110311302_F3-I0_OK,test,/Users/tongjiarui/Documents/目标检测/已打标的数据202604/user1_2026-03-16_154843_anylabeling/CropImage_20260127110311302_F3-I0_OK-4.json,/Users/tongjiarui/Documents/目标检测/已打标的数据202604/user1_2026-03-16_154843_anylabeling/CropImage_20260127110311302_F3-I0_OK-4.bmp,images/test/OK/CropImage_20260127110311302_F3-I0_OK-4.png
CropImage_20260127110311302_F3-I0_OK-5,NG,CropImage_20260127110311302_F3-I0_OK,test,/Users/tongjiarui/Documents/目标检测/已打标的数据202604/user1_2026-03-16_154843_anylabeling/CropImage_20260127110311302_F3-I0_OK-5.json,/Users/tongjiarui/Documents/目标检测/已打标的数据202604/user1_2026-03-16_154843_anylabeling/CropImage_20260127110311302_F3-I0_OK-5.bmp,images/test/NG/CropImage_20260127110311302_F3-I0_OK-5.png
CropImage_20260127110311302_F3-I0_OK-6,NG,CropImage_20260127110311302_F3-I0_OK,test,/Users/tongjiarui/Documents/目标检测/已打标的数据202604/user1_2026-03-16_154843_anylabeling/CropImage_20260127110311302_F3-I0_OK-6.json,/Users/tongjiarui/Documents/目标检测/已打标的数据202604/user1_2026-03-16_154843_anylabeling/CropImage_20260127110311302_F3-I0_OK-6.bmp,images/test/NG/CropImage_20260127110311302_F3-I0_OK-6.png
CropImage_20260127110311302_F3-I0_OK-7,NG,CropImage_20260127110311302_F3-I0_OK,test,/Users/tongjiarui/Documents/目标检测/已打标的数据202604/user1_2026-03-16_154843_anylabeling/CropImage_20260127110311302_F3-I0_OK-7.json,/Users/tongjiarui/Documents/目标检测/已打标的数据202604/user1_2026-03-16_154843_anylabeling/CropImage_20260127110311302_F3-I0_OK-7.bmp,images/test/NG/CropImage_20260127110311302_F3-I0_OK-7.png
CropImage_20260127110334701_F3-I0_OK-2,OK,CropImage_20260127110334701_F3-I0_OK,test,/Users/tongjiarui/Documents/目标检测/已打标的数据202604/user1_2026-03-16_154843_anylabeling/CropImage_20260127110334701_F3-I0_OK-2.json,/Users/tongjiarui/Documents/目标检测/已打标的数据202604/user1_2026-03-16_154843_anylabeling/CropImage_20260127110334701_F3-I0_OK-2.bmp,images/test/OK/CropImage_20260127110334701_F3-I0_OK-2.png
CropImage_20260127110334701_F3-I0_OK-3,NG,CropImage_20260127110334701_F3-I0_OK,test,/Users/tongjiarui/Documents/目标检测/已打标的数据202604/user1_2026-03-16_154843_anylabeling/CropImage_20260127110334701_F3-I0_OK-3.json,/Users/tongjiarui/Documents/目标检测/已打标的数据202604/user1_2026-03-16_154843_anylabeling/CropImage_20260127110334701_F3-I0_OK-3.bmp,images/test/NG/CropImage_20260127110334701_F3-I0_OK-3.png
CropImage_20260127110334701_F3-I0_OK-4,OK,CropImage_20260127110334701_F3-I0_OK,test,/Users/tongjiarui/Documents/目标检测/已打标的数据202604/user1_2026-03-16_154843_anylabeling/CropImage_20260127110334701_F3-I0_OK-4.json,/Users/tongjiarui/Documents/目标检测/已打标的数据202604/user1_2026-03-16_154843_anylabeling/CropImage_20260127110334701_F3-I0_OK-4.bmp,images/test/OK/CropImage_20260127110334701_F3-I0_OK-4.png
CropImage_20260127110334701_F3-I0_OK-5,NG,CropImage_20260127110334701_F3-I0_OK,test,/Users/tongjiarui/Documents/目标检测/已打标的数据202604/user1_2026-03-16_154843_anylabeling/CropImage_20260127110334701_F3-I0_OK-5.json,/Users/tongjiarui/Documents/目标检测/已打标的数据202604/user1_2026-03-16_154843_anylabeling/CropImage_20260127110334701_F3-I0_OK-5.bmp,images/test/NG/CropImage_20260127110334701_F3-I0_OK-5.png
CropImage_20260127110334701_F3-I0_OK-6,NG,CropImage_20260127110334701_F3-I0_OK,test,/Users/tongjiarui/Documents/目标检测/已打标的数据202604/user1_2026-03-16_154843_anylabeling/CropImage_20260127110334701_F3-I0_OK-6.json,/Users/tongjiarui/Documents/目标检测/已打标的数据202604/user1_2026-03-16_154843_anylabeling/CropImage_20260127110334701_F3-I0_OK-6.bmp,images/test/NG/CropImage_20260127110334701_F3-I0_OK-6.png
CropImage_20260127110334701_F3-I0_OK-7,NG,CropImage_20260127110334701_F3-I0_OK,test,/Users/tongjiarui/Documents/目标检测/已打标的数据202604/user1_2026-03-16_154843_anylabeling/CropImage_20260127110334701_F3-I0_OK-7.json,/Users/tongjiarui/Documents/目标检测/已打标的数据202604/user1_2026-03-16_154843_anylabeling/CropImage_20260127110334701_F3-I0_OK-7.bmp,images/test/NG/CropImage_20260127110334701_F3-I0_OK-7.png
CropImage_20260127111333532_F3-I0_OK-2,OK,CropImage_20260127111333532_F3-I0_OK,test,/Users/tongjiarui/Documents/目标检测/已打标的数据202604/user1_2026-03-16_154843_anylabeling/CropImage_20260127111333532_F3-I0_OK-2.json,/Users/tongjiarui/Documents/目标检测/已打标的数据202604/user1_2026-03-16_154843_anylabeling/CropImage_20260127111333532_F3-I0_OK-2.bmp,images/test/OK/CropImage_20260127111333532_F3-I0_OK-2.png
CropImage_20260127111333532_F3-I0_OK-3,NG,CropImage_20260127111333532_F3-I0_OK,test,/Users/tongjiarui/Documents/目标检测/已打标的数据202604/user1_2026-03-16_154843_anylabeling/CropImage_20260127111333532_F3-I0_OK-3.json,/Users/tongjiarui/Documents/目标检测/已打标的数据202604/user1_2026-03-16_154843_anylabeling/CropImage_20260127111333532_F3-I0_OK-3.bmp,images/test/NG/CropImage_20260127111333532_F3-I0_OK-3.png
CropImage_20260127111333532_F3-I0_OK-4,OK,CropImage_20260127111333532_F3-I0_OK,test,/Users/tongjiarui/Documents/目标检测/已打标的数据202604/user1_2026-03-16_154843_anylabeling/CropImage_20260127111333532_F3-I0_OK-4.json,/Users/tongjiarui/Documents/目标检测/已打标的数据202604/user1_2026-03-16_154843_anylabeling/CropImage_20260127111333532_F3-I0_OK-4.bmp,images/test/OK/CropImage_20260127111333532_F3-I0_OK-4.png
CropImage_20260127111333532_F3-I0_OK-5,NG,CropImage_20260127111333532_F3-I0_OK,test,/Users/tongjiarui/Documents/目标检测/已打标的数据202604/user1_2026-03-16_154843_anylabeling/CropImage_20260127111333532_F3-I0_OK-5.json,/Users/tongjiarui/Documents/目标检测/已打标的数据202604/user1_2026-03-16_154843_anylabeling/CropImage_20260127111333532_F3-I0_OK-5.bmp,images/test/NG/CropImage_20260127111333532_F3-I0_OK-5.png
CropImage_20260127111333532_F3-I0_OK-6,NG,CropImage_20260127111333532_F3-I0_OK,test,/Users/tongjiarui/Documents/目标检测/已打标的数据202604/user1_2026-03-16_154843_anylabeling/CropImage_20260127111333532_F3-I0_OK-6.json,/Users/tongjiarui/Documents/目标检测/已打标的数据202604/user1_2026-03-16_154843_anylabeling/CropImage_20260127111333532_F3-I0_OK-6.bmp,images/test/NG/CropImage_20260127111333532_F3-I0_OK-6.png
CropImage_20260127111333532_F3-I0_OK-7,NG,CropImage_20260127111333532_F3-I0_OK,test,/Users/tongjiarui/Documents/目标检测/已打标的数据202604/user1_2026-03-16_154843_anylabeling/CropImage_20260127111333532_F3-I0_OK-7.json,/Users/tongjiarui/Documents/目标检测/已打标的数据202604/user1_2026-03-16_154843_anylabeling/CropImage_20260127111333532_F3-I0_OK-7.bmp,images/test/NG/CropImage_20260127111333532_F3-I0_OK-7.png
CropImage_20260127174336203_F3-I0_OK-2,OK,CropImage_20260127174336203_F3-I0_OK,test,/Users/tongjiarui/Documents/目标检测/已打标的数据202604/user1_2026-03-16_154843_anylabeling/CropImage_20260127174336203_F3-I0_OK-2.json,/Users/tongjiarui/Documents/目标检测/已打标的数据202604/user1_2026-03-16_154843_anylabeling/CropImage_20260127174336203_F3-I0_OK-2.bmp,images/test/OK/CropImage_20260127174336203_F3-I0_OK-2.png
CropImage_20260127174336203_F3-I0_OK-3,NG,CropImage_20260127174336203_F3-I0_OK,test,/Users/tongjiarui/Documents/目标检测/已打标的数据202604/user1_2026-03-16_154843_anylabeling/CropImage_20260127174336203_F3-I0_OK-3.json,/Users/tongjiarui/Documents/目标检测/已打标的数据202604/user1_2026-03-16_154843_anylabeling/CropImage_20260127174336203_F3-I0_OK-3.bmp,images/test/NG/CropImage_20260127174336203_F3-I0_OK-3.png
CropImage_20260127174336203_F3-I0_OK-4,OK,CropImage_20260127174336203_F3-I0_OK,test,/Users/tongjiarui/Documents/目标检测/已打标的数据202604/user1_2026-03-16_154843_anylabeling/CropImage_20260127174336203_F3-I0_OK-4.json,/Users/tongjiarui/Documents/目标检测/已打标的数据202604/user1_2026-03-16_154843_anylabeling/CropImage_20260127174336203_F3-I0_OK-4.bmp,images/test/OK/CropImage_20260127174336203_F3-I0_OK-4.png
CropImage_20260127174336203_F3-I0_OK-5,NG,CropImage_20260127174336203_F3-I0_OK,test,/Users/tongjiarui/Documents/目标检测/已打标的数据202604/user1_2026-03-16_154843_anylabeling/CropImage_20260127174336203_F3-I0_OK-5.json,/Users/tongjiarui/Documents/目标检测/已打标的数据202604/user1_2026-03-16_154843_anylabeling/CropImage_20260127174336203_F3-I0_OK-5.bmp,images/test/NG/CropImage_20260127174336203_F3-I0_OK-5.png
CropImage_20260127174336203_F3-I0_OK-6,NG,CropImage_20260127174336203_F3-I0_OK,test,/Users/tongjiarui/Documents/目标检测/已打标的数据202604/user1_2026-03-16_154843_anylabeling/CropImage_20260127174336203_F3-I0_OK-6.json,/Users/tongjiarui/Documents/目标检测/已打标的数据202604/user1_2026-03-16_154843_anylabeling/CropImage_20260127174336203_F3-I0_OK-6.bmp,images/test/NG/CropImage_20260127174336203_F3-I0_OK-6.png
CropImage_20260127174336203_F3-I0_OK-7,NG,CropImage_20260127174336203_F3-I0_OK,test,/Users/tongjiarui/Documents/目标检测/已打标的数据202604/user1_2026-03-16_154843_anylabeling/CropImage_20260127174336203_F3-I0_OK-7.json,/Users/tongjiarui/Documents/目标检测/已打标的数据202604/user1_2026-03-16_154843_anylabeling/CropImage_20260127174336203_F3-I0_OK-7.bmp,images/test/NG/CropImage_20260127174336203_F3-I0_OK-7.png
CropImage_20260127174358154_F3-I0_OK-2,OK,CropImage_20260127174358154_F3-I0_OK,test,/Users/tongjiarui/Documents/目标检测/已打标的数据202604/user1_2026-03-16_154843_anylabeling/CropImage_20260127174358154_F3-I0_OK-2.json,/Users/tongjiarui/Documents/目标检测/已打标的数据202604/user1_2026-03-16_154843_anylabeling/CropImage_20260127174358154_F3-I0_OK-2.bmp,images/test/OK/CropImage_20260127174358154_F3-I0_OK-2.png
CropImage_20260127174358154_F3-I0_OK-3,NG,CropImage_20260127174358154_F3-I0_OK,test,/Users/tongjiarui/Documents/目标检测/已打标的数据202604/user1_2026-03-16_154843_anylabeling/CropImage_20260127174358154_F3-I0_OK-3.json,/Users/tongjiarui/Documents/目标检测/已打标的数据202604/user1_2026-03-16_154843_anylabeling/CropImage_20260127174358154_F3-I0_OK-3.bmp,images/test/NG/CropImage_20260127174358154_F3-I0_OK-3.png
CropImage_20260127174358154_F3-I0_OK-4,OK,CropImage_20260127174358154_F3-I0_OK,test,/Users/tongjiarui/Documents/目标检测/已打标的数据202604/user1_2026-03-16_154843_anylabeling/CropImage_20260127174358154_F3-I0_OK-4.json,/Users/tongjiarui/Documents/目标检测/已打标的数据202604/user1_2026-03-16_154843_anylabeling/CropImage_20260127174358154_F3-I0_OK-4.bmp,images/test/OK/CropImage_20260127174358154_F3-I0_OK-4.png
CropImage_20260127174358154_F3-I0_OK-5,NG,CropImage_20260127174358154_F3-I0_OK,test,/Users/tongjiarui/Documents/目标检测/已打标的数据202604/user1_2026-03-16_154843_anylabeling/CropImage_20260127174358154_F3-I0_OK-5.json,/Users/tongjiarui/Documents/目标检测/已打标的数据202604/user1_2026-03-16_154843_anylabeling/CropImage_20260127174358154_F3-I0_OK-5.bmp,images/test/NG/CropImage_20260127174358154_F3-I0_OK-5.png
CropImage_20260127174358154_F3-I0_OK-6,NG,CropImage_20260127174358154_F3-I0_OK,test,/Users/tongjiarui/Documents/目标检测/已打标的数据202604/user1_2026-03-16_154843_anylabeling/CropImage_20260127174358154_F3-I0_OK-6.json,/Users/tongjiarui/Documents/目标检测/已打标的数据202604/user1_2026-03-16_154843_anylabeling/CropImage_20260127174358154_F3-I0_OK-6.bmp,images/test/NG/CropImage_20260127174358154_F3-I0_OK-6.png
CropImage_20260127174358154_F3-I0_OK-7,NG,CropImage_20260127174358154_F3-I0_OK,test,/Users/tongjiarui/Documents/目标检测/已打标的数据202604/user1_2026-03-16_154843_anylabeling/CropImage_20260127174358154_F3-I0_OK-7.json,/Users/tongjiarui/Documents/目标检测/已打标的数据202604/user1_2026-03-16_154843_anylabeling/CropImage_20260127174358154_F3-I0_OK-7.bmp,images/test/NG/CropImage_20260127174358154_F3-I0_OK-7.png
CropImage_20260128140015324_F3-I0_OK-2,OK,CropImage_20260128140015324_F3-I0_OK,test,/Users/tongjiarui/Documents/目标检测/已打标的数据202604/user1_2026-03-16_154843_anylabeling/CropImage_20260128140015324_F3-I0_OK-2.json,/Users/tongjiarui/Documents/目标检测/已打标的数据202604/user1_2026-03-16_154843_anylabeling/CropImage_20260128140015324_F3-I0_OK-2.bmp,images/test/OK/CropImage_20260128140015324_F3-I0_OK-2.png
CropImage_20260128140015324_F3-I0_OK-3,NG,CropImage_20260128140015324_F3-I0_OK,test,/Users/tongjiarui/Documents/目标检测/已打标的数据202604/user1_2026-03-16_154843_anylabeling/CropImage_20260128140015324_F3-I0_OK-3.json,/Users/tongjiarui/Documents/目标检测/已打标的数据202604/user1_2026-03-16_154843_anylabeling/CropImage_20260128140015324_F3-I0_OK-3.bmp,images/test/NG/CropImage_20260128140015324_F3-I0_OK-3.png
CropImage_20260128140015324_F3-I0_OK-4,OK,CropImage_20260128140015324_F3-I0_OK,test,/Users/tongjiarui/Documents/目标检测/已打标的数据202604/user1_2026-03-16_154843_anylabeling/CropImage_20260128140015324_F3-I0_OK-4.json,/Users/tongjiarui/Documents/目标检测/已打标的数据202604/user1_2026-03-16_154843_anylabeling/CropImage_20260128140015324_F3-I0_OK-4.bmp,images/test/OK/CropImage_20260128140015324_F3-I0_OK-4.png
CropImage_20260128140015324_F3-I0_OK-5,NG,CropImage_20260128140015324_F3-I0_OK,test,/Users/tongjiarui/Documents/目标检测/已打标的数据202604/user1_2026-03-16_154843_anylabeling/CropImage_20260128140015324_F3-I0_OK-5.json,/Users/tongjiarui/Documents/目标检测/已打标的数据202604/user1_2026-03-16_154843_anylabeling/CropImage_20260128140015324_F3-I0_OK-5.bmp,images/test/NG/CropImage_20260128140015324_F3-I0_OK-5.png
CropImage_20260128140015324_F3-I0_OK-6,NG,CropImage_20260128140015324_F3-I0_OK,test,/Users/tongjiarui/Documents/目标检测/已打标的数据202604/user1_2026-03-16_154843_anylabeling/CropImage_20260128140015324_F3-I0_OK-6.json,/Users/tongjiarui/Documents/目标检测/已打标的数据202604/user1_2026-03-16_154843_anylabeling/CropImage_20260128140015324_F3-I0_OK-6.bmp,images/test/NG/CropImage_20260128140015324_F3-I0_OK-6.png
CropImage_20260128140015324_F3-I0_OK-7,NG,CropImage_20260128140015324_F3-I0_OK,test,/Users/tongjiarui/Documents/目标检测/已打标的数据202604/user1_2026-03-16_154843_anylabeling/CropImage_20260128140015324_F3-I0_OK-7.json,/Users/tongjiarui/Documents/目标检测/已打标的数据202604/user1_2026-03-16_154843_anylabeling/CropImage_20260128140015324_F3-I0_OK-7.bmp,images/test/NG/CropImage_20260128140015324_F3-I0_OK-7.png
CropImage_20260128141159842_F3-I0_OK-2,OK,CropImage_20260128141159842_F3-I0_OK,test,/Users/tongjiarui/Documents/目标检测/已打标的数据202604/user1_2026-03-16_154843_anylabeling/CropImage_20260128141159842_F3-I0_OK-2.json,/Users/tongjiarui/Documents/目标检测/已打标的数据202604/user1_2026-03-16_154843_anylabeling/CropImage_20260128141159842_F3-I0_OK-2.bmp,images/test/OK/CropImage_20260128141159842_F3-I0_OK-2.png
CropImage_20260128141159842_F3-I0_OK-3,NG,CropImage_20260128141159842_F3-I0_OK,test,/Users/tongjiarui/Documents/目标检测/已打标的数据202604/user1_2026-03-16_154843_anylabeling/CropImage_20260128141159842_F3-I0_OK-3.json,/Users/tongjiarui/Documents/目标检测/已打标的数据202604/user1_2026-03-16_154843_anylabeling/CropImage_20260128141159842_F3-I0_OK-3.bmp,images/test/NG/CropImage_20260128141159842_F3-I0_OK-3.png
CropImage_20260128141159842_F3-I0_OK-4,OK,CropImage_20260128141159842_F3-I0_OK,test,/Users/tongjiarui/Documents/目标检测/已打标的数据202604/user1_2026-03-16_154843_anylabeling/CropImage_20260128141159842_F3-I0_OK-4.json,/Users/tongjiarui/Documents/目标检测/已打标的数据202604/user1_2026-03-16_154843_anylabeling/CropImage_20260128141159842_F3-I0_OK-4.bmp,images/test/OK/CropImage_20260128141159842_F3-I0_OK-4.png
CropImage_20260128141159842_F3-I0_OK-5,NG,CropImage_20260128141159842_F3-I0_OK,test,/Users/tongjiarui/Documents/目标检测/已打标的数据202604/user1_2026-03-16_154843_anylabeling/CropImage_20260128141159842_F3-I0_OK-5.json,/Users/tongjiarui/Documents/目标检测/已打标的数据202604/user1_2026-03-16_154843_anylabeling/CropImage_20260128141159842_F3-I0_OK-5.bmp,images/test/NG/CropImage_20260128141159842_F3-I0_OK-5.png
CropImage_20260128141159842_F3-I0_OK-6,NG,CropImage_20260128141159842_F3-I0_OK,test,/Users/tongjiarui/Documents/目标检测/已打标的数据202604/user1_2026-03-16_154843_anylabeling/CropImage_20260128141159842_F3-I0_OK-6.json,/Users/tongjiarui/Documents/目标检测/已打标的数据202604/user1_2026-03-16_154843_anylabeling/CropImage_20260128141159842_F3-I0_OK-6.bmp,images/test/NG/CropImage_20260128141159842_F3-I0_OK-6.png
CropImage_20260128141159842_F3-I0_OK-7,NG,CropImage_20260128141159842_F3-I0_OK,test,/Users/tongjiarui/Documents/目标检测/已打标的数据202604/user1_2026-03-16_154843_anylabeling/CropImage_20260128141159842_F3-I0_OK-7.json,/Users/tongjiarui/Documents/目标检测/已打标的数据202604/user1_2026-03-16_154843_anylabeling/CropImage_20260128141159842_F3-I0_OK-7.bmp,images/test/NG/CropImage_20260128141159842_F3-I0_OK-7.png
